Date,Fund,Benchmark
2001/9/27,100,100
2001/9/28,99.9787234,100.4407156
2001/10/1,99.9787234,100.2138287
2001/10/2,99.95744681,100.6692348
2001/10/3,99.95744681,100.6659702
2001/10/4,99.95744681,99.74046748
2001/10/5,99.95744681,99.40585009
2001/10/8,99.87234043,97.89925568
2001/10/9,99.85106383,99.51358057
2001/10/10,99.82978723,98.57338731
2001/10/11,99.78723404,99.46950901
2001/10/12,99.78723404,99.78453904
2001/10/15,99.78723404,101.0218073
2001/10/16,99.93617021,100.6871899
2001/10/17,100.1276596,101.4592583
2001/10/18,100.1702128,101.3270436
2001/10/19,100.1702128,100.3884826
2001/10/22,99.95744681,99.42054061
2001/10/23,100.0851064,100.1599634
2001/10/24,100.0851064,100.6137373
2001/10/25,100.0212766,100.4031732
2001/10/26,100.106383,99.96245756
2001/10/29,100.1489362,98.8835205
2001/10/30,100.106383,98.45749543
2001/10/31,100.106383,97.94822408
2001/11/1,99.93617021,97.28715069
2001/11/2,100.212766,97.38998433
2001/11/5,100.1276596,96.76971794
2001/11/6,100.0425532,96.75339514
2001/11/7,100.1489362,96.67341342
2001/11/8,100.5744681,97.70338208
2001/11/9,100.6808511,97.84702272
2001/11/12,100.8510638,98.53747715
2001/11/13,100.893617,100.0130582
2001/11/15,101.8297872,103.241708
2001/11/16,102.0212766,103.7003787
2001/11/19,101.9787234,102.530034
2001/11/20,101.2765957,102.0795247
2001/11/21,102,103.3086315
2001/11/23,102.8510638,104.3892008
2001/11/26,103.5531915,104.5442674
2001/11/27,102.5106383,104.1965918
2001/11/28,101.9574468,104.6389397
2001/11/29,101.5957447,104.7842126
2001/11/30,101.4468085,104.1427266
2001/12/3,101.4468085,105.0127318
2001/12/4,102.0851064,105.6917603
2001/12/5,104.1914894,106.5895142
2001/12/6,105.1276596,107.1395926
2001/12/7,105.5531915,107.9785845
2001/12/10,107.2765957,108.891029
2001/12/11,106.9361702,109.0509924
2001/12/12,106.7659574,109.2354401
2001/12/13,105.0638298,108.0585662
2001/12/14,106.3404255,108.4029773
2001/12/20,107,108.1303865
2001/12/21,106.5319149,108.5547793
2001/12/24,106.5744681,109.2942021
2001/12/26,107.7021277,110.8807783
2001/12/28,109.0212766,112.8950118
2001/12/31,109.3191489,113.6213763
2002/1/2,108.893617,111.4569731
2002/1/3,110.2340426,111.5630713
2002/1/4,113.106383,113.193719
2002/1/7,114.3404255,113.7878689
2002/1/8,113.8723404,112.9880517
2002/1/9,115.106383,114.336315
2002/1/10,116.0851064,115.0741055
2002/1/11,115.5106383,114.7558109
2002/1/14,114.5744681,114.0065944
2002/1/15,114.0638298,114.336315
2002/1/16,113.8297872,114.3607992
2002/1/17,113.787234,113.9119222
2002/1/18,114.3617021,114.0196527
2002/1/21,113.9361702,113.5968921
2002/1/22,112.7021277,112.6648603
2002/1/23,111.9574468,112.3922695
2002/1/24,111.6170213,111.9662445
2002/1/25,115.0212766,113.2116741
2002/1/28,117.7446809,115.1753069
2002/1/29,118.3404255,115.2911987
2002/1/30,118.7234043,115.8918778
2002/1/31,119.9148936,117.3315487
2002/2/4,121.8723404,118.1019849
2002/2/5,120.7446809,117.578023
2002/2/6,120.7446809,116.7439279
2002/2/7,119.8085106,115.5131888
2002/2/8,119.3404255,116.0420475
2002/2/14,120.0851064,116.6770044
2002/2/15,121.5744681,117.8473492
2002/2/18,121.3617021,117.7086054
2002/2/19,123.2978723,119.1123662
2002/2/20,122.787234,117.9795639
2002/2/21,122.4893617,117.0981327
2002/2/22,120.6808511,115.9914469
2002/2/25,120.7446809,114.4734265
2002/2/26,119.7446809,114.4375163
2002/2/27,120.2765957,114.8994516
2002/2/28,121.1702128,115.7139593
2002/3/1,122.0851064,117.1275137
2002/3/4,124.893617,118.3239749
2002/3/5,127.2765957,120.248433
2002/3/6,126.6382979,120.3071951
2002/3/7,127.0851064,121.0694698
2002/3/8,129.6808511,122.0341473
2002/3/11,131.893617,124.2181379
2002/3/12,132.2340426,123.011883
2002/3/13,132.5744681,123.1571559
2002/3/14,131.9787234,122.6886916
2002/3/18,133.6595745,123.6354139
2002/3/19,134.5531915,123.1179812
2002/3/20,135.4042553,123.2289762
2002/3/21,135.5957447,123.4362758
2002/3/22,135.7446809,122.8502873
2002/3/25,135.0638298,121.8105249
2002/3/26,135.4893617,122.633194
2002/3/27,137.0851064,123.4836119
2002/3/28,138.8085106,123.245299
2002/3/29,138.7234043,123.4166884
2002/4/1,138.6170213,123.6272525
2002/4/2,137.7021277,123.3056934
2002/4/3,137.106383,123.3138548
2002/4/4,137.5744681,122.8143771
2002/4/5,139.1276596,124.2850614
2002/4/8,141.3829787,126.0544529
2002/4/9,143.5319149,126.6453382
2002/4/10,144.212766,126.4331418
2002/4/11,144.3191489,126.4625229
2002/4/12,145.5744681,126.6992034
2002/4/15,147.5106383,128.0588927
2002/4/16,147.212766,127.6638809
2002/4/17,149.2340426,129.2994254
2002/4/18,148.2765957,128.497976
2002/4/19,150.4468085,130.3130713
2002/4/22,151.2553191,131.7739619
2002/4/23,150.2978723,131.8996474
2002/4/24,148.9787234,130.5024158
2002/4/26,148.7234043,130.8060198
2002/4/29,147.4893617,129.0725385
2002/4/30,148.3617021,129.6013972
2002/5/2,148.8510638,129.8233873
2002/5/3,149.1276596,129.71076
2002/5/6,149.2340426,129.7825803
2002/5/7,148.6595745,128.9386916
2002/5/8,149.1489362,129.6797467
2002/5/9,149.7021277,130.5269
2002/5/10,149.1489362,128.7118046
2002/5/13,142.3404255,128.3021024
2002/5/14,148.6170213,128.2172238
2002/5/15,149.0425532,128.4196265
2002/5/16,149.2978723,128.3592322
2002/5/17,149.4893617,128.5991773
2002/5/20,149.0638298,128.0621572
2002/5/21,148.0425532,127.5985897
2002/5/22,146.3617021,126.1654479
2002/5/23,144.8085106,125.2921781
2002/5/24,145.0851064,125.0097937
2002/5/28,144.212766,124.265474
2002/5/29,144.212766,124.5658135
2002/5/30,143.9361702,123.9439149
2002/5/31,143.0851064,121.075999
2002/6/3,143.106383,122.2577697
2002/6/4,142.7446809,122.5124053
2002/6/5,143.3617021,121.9198877
2002/6/6,144.2765957,122.8910943
2002/6/7,144.3829787,123.2714155
2002/6/10,144.4680851,123.2746801
2002/6/11,144.8297872,122.4846566
2002/6/12,145.0851064,122.5140376
2002/6/13,145.2765957,122.9743406
2002/6/14,145,122.1777879
2002/6/17,144.2978723,121.8921389
2002/6/18,144.6808511,121.9998694
2002/6/19,143.7446809,121.4253069
2002/6/20,144.1276596,121.8121572
2002/6/21,143.6382979,121.3355315
2002/6/24,139.3617021,118.5851397
2002/6/25,138.7234043,117.0687516
2002/6/26,135.1276596,115.0822669
2002/6/27,136.2765957,116.149778
2002/6/28,138.6170213,118.412118
2002/7/1,138.4042553,118.2831679
2002/7/2,140.6595745,121.3371638
2002/7/3,141.787234,120.6826195
2002/7/4,142.2553191,121.0417211
2002/7/5,143.3191489,121.542831
2002/7/8,143.2340426,120.0998955
2002/7/9,144.6808511,121.3730739
2002/7/10,145,121.3061504
2002/7/11,144.2765957,120.6010055
2002/7/12,145.0212766,120.7642335
2002/7/15,145.0212766,120.6467093
2002/7/16,144.5319149,119.8681118
2002/7/17,144.4255319,119.3474145
2002/7/18,144.4680851,119.7881301
2002/7/19,143.3829787,118.5818752
2002/7/22,141.9574468,116.9642857
2002/7/23,142.6595745,118.2293027
2002/7/24,141.7234043,116.7243406
2002/7/25,142.3191489,117.3364455
2002/7/26,141.7446809,117.1503656
2002/7/29,142,117.6841212
2002/7/30,142.4893617,117.8342909
2002/7/31,143.3404255,117.7836903
2002/8/1,143.7878492,118.1068817
2002/8/2,143.4817172,117.4474406
2002/8/5,143.0107449,117.7118699
2002/8/6,142.4691267,117.3903108
2002/8/7,142.6810643,117.7934839
2002/8/8,143.2226825,117.9322277
2002/8/9,143.2226825,118.0432228
2002/8/12,143.5523631,118.1819666
2002/8/13,144.9417314,119.0405458
2002/8/14,144.7297939,119.1548054
2002/8/15,146.2369053,119.8207757
2002/8/16,147.0140096,120.2337425
2002/8/19,147.1553013,120.2239488
2002/8/20,147.1317527,119.8060851
2002/8/21,146.7314262,119.2853878
2002/8/22,146.5665859,119.15807
2002/8/23,146.6607804,119.1548054
2002/8/26,146.2133567,118.9099634
2002/8/27,146.3310998,118.9491382
2002/8/28,145.459801,118.2945939
2002/8/29,143.9762382,116.7308697
2002/8/30,144.0704326,116.1138679
2002/9/2,143.8113979,116.446853
2002/9/3,143.2226825,116.3734004
2002/9/4,142.210092,115.5409376
2002/9/5,142.1629947,115.2308044
2002/9/6,139.5490984,113.2949203
2002/9/9,137.853598,111.5173675
2002/9/10,138.9839316,112.2714808
2002/9/11,140.0200707,112.5783494
2002/9/12,141.1739529,113.2981849
2002/9/13,140.1378138,112.348198
2002/9/16,138.7955426,111.695286
2002/9/17,140.3497513,112.7056673
2002/9/18,139.5961956,110.5396318
2002/9/19,139.0545774,110.2703056
2002/9/20,138.0890842,109.7936798
2002/9/23,135.8519656,108.1352834
2002/9/24,133.6383957,106.8180334
2002/9/25,130.435784,103.935427
2002/9/26,130.5299784,104.4381692
2002/9/27,131.966444,105.6672761
2002/9/30,130.9538535,104.1410943
2002/10/1,131.2128883,105.2804257
2002/10/2,131.9193468,105.5220031
2002/10/3,131.4954717,105.5138417
2002/10/4,131.0951452,105.1335205
2002/10/7,130.741916,104.8070645
2002/10/8,130.2002978,105.0763907
2002/10/9,130.0119089,104.7156568
2002/10/10,128.6696378,103.6726299
2002/10/11,128.9522212,104.1035518
2002/10/14,127.2802694,102.8352703
2002/10/15,126.3618734,101.8803865
2002/10/16,127.8925334,103.5616349
2002/10/17,128.1986655,104.291264
2002/10/18,130.8361104,106.465461
2002/10/21,130.3415895,106.4915774
2002/10/22,131.0715966,106.8049752
2002/10/23,130.2709437,106.5503395
2002/10/24,132.0370899,107.0449203
2002/10/25,132.8141942,107.025333
2002/10/28,134.5096945,108.1842518
2002/10/29,134.7922779,107.8839122
2002/10/30,133.9680764,107.3615827
2002/10/31,134.4390487,107.6602899
2002/11/1,133.8267847,107.3028206
2002/11/5,133.9445278,106.7413163
2002/11/6,134.8864724,107.5101201
2002/11/7,134.5803404,107.0334944
2002/11/8,134.6745348,107.188561
2002/11/11,134.0387222,106.6156307
2002/11/12,133.8032361,106.3756856
2002/11/13,133.497104,105.5987203
2002/11/14,133.0967776,105.4697702
2002/11/15,133.379361,105.7521546
2002/11/18,133.7325902,105.1041395
2002/11/19,132.0135412,104.046422
2002/11/20,131.8957982,104.0039828
2002/11/21,132.8612914,104.1737399
2002/11/22,133.2380693,104.3222774
2002/11/25,134.0622708,105.0062027
2002/11/26,134.4861459,104.576913
2002/11/27,133.6383957,103.2286498
2002/11/28,133.991625,102.9740141
2002/11/29,133.8974305,102.7063202
2002/12/2,133.3087151,101.8967093
2002/12/3,132.2254788,100.6235309
2002/12/4,133.1674234,100.9352964
2002/12/9,135.6871253,104.1019196
2002/12/10,134.6509862,103.3853487
2002/12/11,135.0748613,103.6775268
2002/12/12,134.8393752,103.5322539
2002/12/13,134.4861459,103.1927396
2002/12/16,134.0858194,102.7471272
2002/12/17,134.5096945,103.7526116
2002/12/18,134.7687293,103.7819927
2002/12/19,134.603889,103.9419561
2002/12/20,134.3919515,104.1443588
2002/12/23,134.1800139,104.3353356
2002/12/24,134.2742084,104.6552625
2002/12/26,134.2035625,105.7831679
2002/12/27,134.7922779,106.1618569
2002/12/30,134.4155001,105.84193
2002/12/31,135.0984099,105.4975189
2003/1/2,134.0387222,103.2302821
2003/1/3,134.0387222,103.404936
2003/1/6,133.9209791,102.489227
2003/1/7,133.9680764,102.2084748
2003/1/8,134.0858194,102.0387177
2003/1/9,134.0622708,102.2753983
2003/1/10,134.9806669,103.783625
2003/1/13,137.1235909,106.3397754
2003/1/14,138.5129593,107.9606294
2003/1/15,139.0074802,109.0705798
2003/1/16,139.1723205,109.3856098
2003/1/17,139.1016747,109.4492687
2003/1/20,138.8661885,108.768608
2003/1/21,140.7029805,110.3209062
2003/1/22,140.797175,109.7561374
2003/1/23,139.8081331,109.4900757
2003/1/24,139.0545774,109.1685166
2003/1/27,136.6761672,108.4845913
2003/1/28,138.8661885,109.6288195
2003/1/29,138.8661885,108.6184382
2003/1/30,138.2774731,108.5090755
2003/2/5,138.7013482,109.0656829
2003/2/6,139.2900636,108.5384565
2003/2/7,139.1958691,107.9345129
2003/2/10,137.4532715,107.4791068
2003/2/11,137.6652091,107.7223165
2003/2/13,137.547466,107.1657091
2003/2/14,137.3590771,107.2326325
2003/2/17,138.2068272,107.6211152
2003/2/18,138.2539245,107.3142465
2003/2/19,138.3481189,107.8871768
2003/2/20,138.0655356,106.9665709
2003/2/21,137.5710146,106.8310917
2003/2/24,136.9587506,106.3528336
2003/2/25,136.4642297,106.6091016
2003/2/26,136.0874518,106.2140898
2003/2/27,135.6871253,106.4964743
2003/2/28,135.9461601,105.5758684
2003/3/3,135.7813198,105.9708801
2003/3/5,134.7922779,104.9670279
2003/3/6,134.4625973,104.862562
2003/3/7,133.4500068,103.7575085
2003/3/10,131.5190203,101.9815879
2003/3/11,130.4122354,101.0740402
2003/3/12,131.660312,102.6867328
2003/3/13,131.8957982,102.4190389
2003/3/14,132.3667705,102.5969574
2003/3/17,131.8957982,101.6273831
2003/3/18,133.6148471,102.3570123
2003/3/19,134.1564653,102.4973884
2003/3/20,135.710674,103.1649909
2003/3/21,134.9571182,103.1878428
2003/3/24,135.3809933,103.3445417
2003/3/25,134.3684028,102.7781405
2003/3/26,134.9335696,103.3216897
2003/3/27,134.6980835,103.2972055
2003/3/28,134.4155001,103.6432489
2003/3/31,133.7325902,103.7673022
2003/4/1,132.4609649,102.3619091
2003/4/2,132.9554859,102.6655132
2003/4/3,133.3322637,102.5953252
2003/4/4,133.4029096,103.0001306
2003/4/7,135.216153,104.5230478
2003/4/8,134.8629238,104.4789762
2003/4/9,133.497104,103.5534735
2003/4/10,132.0841871,102.8205798
2003/4/11,132.1077357,102.7830373
2003/4/14,133.9209791,101.8885479
2003/4/15,132.88484,103.0246148
2003/4/16,133.3558124,103.4490076
2003/4/17,133.3087151,103.0572604
2003/4/18,133.7325902,103.7493471
2003/4/21,133.5206527,103.5355184
2003/4/22,133.4264582,103.3216897
2003/4/23,132.7435483,102.7716114
2003/4/24,134.0387222,101.9620005
2003/4/25,131.5425689,102.4631105
2003/4/28,130.9538535,101.8836511
2003/4/29,132.767097,102.5137112
2003/4/30,133.9680764,102.8940324
2003/5/2,133.4029096,102.3863933
2003/5/5,134.3919515,103.0637895
2003/5/6,134.5332432,103.1323453
2003/5/7,134.6509862,103.2057979
2003/5/8,134.2742084,102.9707495
2003/5/9,134.1564653,102.8564899
2003/5/12,134.6980835,103.4783886
2003/5/13,135.4516392,103.7770958
2003/5/16,136.1110004,103.8554453
2003/5/19,136.322938,103.924001
2003/5/20,136.2758407,103.9697049
2003/5/21,136.3935838,104.5263124
2003/5/22,137.8065008,104.833181
2003/5/23,140.4439458,106.2418386
2003/5/26,141.90396,107.0351267
2003/5/27,141.3623418,106.442609
2003/5/28,144.0939812,108.3833899
2003/5/29,144.6826966,109.6973753
2003/5/30,145.1772176,109.6010708
2003/6/2,145.4362524,109.6630974
2003/6/3,146.6136832,110.1087098
2003/6/4,146.0014191,109.8263254
2003/6/5,148.4504752,111.3916819
2003/6/6,148.1914404,111.2513058
2003/6/9,149.8398435,111.7148733
2003/6/10,149.7221005,111.3329198
2003/6/11,152.9718095,112.4004309
2003/6/12,153.5134276,112.6795508
2003/6/13,154.1963375,112.6175242
2003/6/16,152.5950316,111.5287934
2003/6/17,156.0095809,111.8209715
2003/6/18,155.821192,111.6087751
2003/6/19,153.3014901,111.2708932
2003/6/20,156.8808797,111.3933142
2003/6/23,156.8337825,111.7964873
2003/6/24,152.6421288,110.7877383
2003/6/25,154.0550458,111.3737268
2003/6/26,154.2434347,111.439018
2003/6/27,157.9876647,112.8639984
2003/6/30,157.9405674,112.9472447
2003/7/1,158.1289564,113.2116741
2003/7/2,160.9076931,114.7917211
2003/7/3,165.0522495,117.8391878
2003/7/4,166.4180692,118.3582528
2003/7/7,167.6896945,119.2217289
2003/7/8,167.8309862,118.6667537
2003/7/9,168.1606668,118.4496605
2003/7/10,169.4087434,118.1525855
2003/7/11,169.4793893,118.1607469
2003/7/14,171.6694106,118.6847088
2003/7/15,171.6223133,119.0568686
2003/7/16,170.7274659,118.2341995
2003/7/17,168.4667988,116.814116
2003/7/18,168.9613197,116.9561243
2003/7/21,169.5500351,117.4686602
2003/7/22,168.513896,116.3587098
2003/7/23,168.0900209,116.3603421
2003/7/24,167.7367917,115.9522721
2003/7/25,167.8780834,115.9783886
2003/7/28,167.2658194,115.6045965
2003/7/29,168.702285,116.1661008
2003/7/30,170.2800422,117.6400496
2003/7/31,171.6929592,117.6155654
2003/8/1,173.3475819,118.0187386
2003/8/4,173.6061167,118.0530165
2003/8/5,174.1490398,117.8881562
2003/8/6,173.890505,117.3462392
2003/8/7,174.0456258,117.4898799
2003/8/8,174.8987907,117.8848916
2003/8/11,175.8295159,118.639005
2003/8/12,176.7085343,118.2113476
2003/8/13,179.009494,118.2146122
2003/8/14,180.8192375,118.7418386
2003/8/15,180.6124097,118.913228
2003/8/18,182.7582485,118.9670932
2003/8/19,183.9992156,119.4943197
2003/8/20,184.2836038,119.5220684
2003/8/21,186.8430983,120.7821886
2003/8/22,188.497721,121.3355315
2003/8/25,188.2391862,121.157613
2003/8/26,188.8079628,120.9552102
2003/8/27,190.6435599,121.542831
2003/8/28,191.1606295,121.8480674
2003/8/29,191.781113,121.3273701
2003/9/2,191.1864829,121.1184382
2003/9/3,190.7211203,121.6326064
2003/9/4,191.677699,122.7898929
2003/9/5,191.9620873,123.4787151
2003/9/8,194.4957283,122.2349177
2003/9/9,190.5659994,121.2506529
2003/9/10,188.0065049,120.1733481
2003/9/11,189.9972229,121.2784017
2003/9/12,191.3416038,120.942152
2003/9/15,191.9620873,121.280034
2003/9/16,195.1679188,121.075999
2003/9/17,198.0635086,121.9313137
2003/9/18,198.735699,121.3485897
2003/9/19,199.5371569,121.4693784
2003/9/22,199.0200873,120.5210238
2003/9/23,201.1659261,120.3382084
2003/9/24,206.6468638,121.6032254
2003/9/25,208.9219701,121.2245364
2003/9/26,206.6727173,121.1510838
2003/9/29,203.2342045,120.1619222
2003/9/30,201.8122631,119.7195743
2003/10/1,205.6902851,120.4034996
2003/10/2,205.9488199,120.3692217
2003/10/3,207.7068565,120.8213633
2003/10/6,208.5083144,121.2343301
2003/10/7,210.3697649,122.1843171
2003/10/8,213.8599847,123.991251
2003/10/9,217.4536184,127.221533
2003/10/10,217.4536184,128.9860277
2003/10/13,217.4019114,129.2341342
2003/10/14,216.7814279,127.7471272
2003/10/15,216.8331349,127.8417994
2003/10/16,217.272644,127.9903369
2003/10/17,217.7121532,127.489227
2003/10/20,217.5311788,127.5545182
2003/10/21,217.6604462,129.0007182
2003/10/22,220.1165268,131.4164926
2003/10/23,219.211655,131.3054975
2003/10/27,220.4784755,131.15696
2003/10/28,222.0813913,131.5030034
2003/10/29,221.1248125,132.2097806
2003/10/30,221.9779773,132.5574563
2003/10/31,222.2365121,133.3768608
2003/11/3,221.8745634,132.719052
2003/11/4,223.8652814,133.1924132
2003/11/5,225.675025,132.7843432
2003/11/6,224.1238162,132.0743014
2003/11/7,223.9686953,131.6890833
2003/11/10,222.3140726,130.7390964
2003/11/11,221.4350543,129.8119613
2003/11/12,220.4784755,129.0007182
2003/11/13,221.6160286,129.1933272
2003/11/14,220.8662777,129.314116
2003/11/17,217.918981,127.6361321
2003/11/18,216.9365488,127.6720423
2003/11/19,212.4121898,125.0244842
2003/11/20,212.257069,126.8624314
2003/11/21,214.0151056,128.0474667
2003/11/27,214.1702265,127.0517759
2003/11/28,215.7214352,127.2003134
2003/12/1,219.3409224,129.0415252
2003/12/2,219.0823876,130.2232959
2003/12/3,219.0306807,129.8592975
2003/12/4,217.6862997,128.9713372
2003/12/5,216.9624023,128.457169
2003/12/8,215.97997,127.9756464
2003/12/9,215.9541166,128.7003787
2003/12/10,216.3419188,129.6862758
2003/12/11,214.7648565,129.5377383
2003/12/12,215.1526587,129.2667798
2003/12/15,213.9892521,128.6252938
2003/12/16,212.5414572,127.6573518
2003/12/17,209.9819627,126.5229172
2003/12/18,207.3190543,125.1289501
2003/12/19,208.8444096,125.6447506
2003/12/22,208.4824609,126.550666
2003/12/23,208.1463657,126.9309872
2003/12/24,209.2839188,126.8885479
2003/12/26,210.4990323,127.3211021
2003/12/29,213.8341312,128.5910159
2003/12/30,214.8424169,129.3940977
2003/12/31,215.2043656,129.5932358
2004/1/2,214.8424169,128.7036432
2004/1/5,216.4970396,129.384304
2004/1/6,216.678014,128.5077697
2004/1/7,220.6077429,131.5225908
2004/1/8,225.5974645,132.7370071
2004/1/9,228.4930542,134.7316532
2004/1/12,228.2345195,134.4476365
2004/1/13,227.0452594,133.5890572
2004/1/14,225.5199041,133.1907809
2004/1/15,224.1238162,132.9981718
2004/1/16,225.2613693,133.401345
2004/1/19,226.3989224,133.6690389
2004/1/20,228.5706147,134.6075999
2004/1/26,229.5271934,135.1315618
2004/1/27,228.3637869,134.380713
2004/1/28,227.0969663,133.8224732
2004/1/29,226.8384315,133.3752285
2004/1/30,228.5189077,133.6739358
2004/2/4,226.2438015,131.3707887
2004/2/5,227.1228198,131.8180334
2004/2/6,227.7174499,133.0993732
2004/2/9,229.2686586,133.4862236
2004/2/10,228.2345195,132.5509271
2004/2/11,229.2686586,133.5564116
2004/2/12,230.5096257,134.7691956
2004/2/13,231.2593766,134.8116349
2004/2/16,233.7154572,135.1805302
2004/2/17,238.7051788,138.0582397
2004/2/18,239.9978527,139.9108775
2004/2/19,240.8251641,140.1573518
2004/2/20,242.0919846,140.6568295
2004/2/24,245.0651348,142.7951162
2004/2/25,245.6856183,142.3397101
2004/2/26,250.2358307,144.5122747
2004/2/27,249.1758381,143.516584
2004/3/1,250.3392447,143.9785192
2004/3/2,250.1324168,145.9992818
2004/3/3,246.3061018,143.1835989
2004/3/4,248.8655963,144.0209585
2004/3/5,251.0889956,144.6444894
2004/3/8,250.4943655,143.779381
2004/3/9,251.8904534,144.1237921
2004/3/10,251.4767978,142.9599765
2004/3/11,253.0280066,143.5688169
2004/3/12,253.3641018,144.3833246
2004/3/15,255.3548197,145.3202533
2004/3/16,254.0104388,144.5710368
2004/3/17,256.0270102,145.2957691
2004/3/18,257.7074864,147.1451423
2004/3/19,258.7157721,147.6315618
2004/3/22,258.7157721,148.36772
2004/3/23,257.578219,146.5575215
2004/3/24,257.3972446,146.1396579
2004/3/25,256.0787172,145.2957691
2004/3/26,256.1821311,146.1086446
2004/3/29,255.4065267,146.8366414
2004/3/30,253.751904,147.1533037
2004/3/31,253.3382483,147.207169
2004/4/1,253.05386,144.7962915
2004/4/2,255.0187245,144.8387307
2004/4/5,257.1645633,145.207626
2004/4/6,255.690915,144.3196657
2004/4/7,254.6050688,144.0225908
2004/4/8,255.5875011,144.3718987
2004/4/9,256.1045706,144.1450118
2004/4/12,256.0011567,143.6047271
2004/4/13,256.1045706,143.7010316
2004/4/14,252.5367904,141.4027814
2004/4/15,250.6236329,140.5703186
2004/4/16,251.166556,140.67152
2004/4/19,249.873882,139.6839906
2004/4/20,250.5977795,140.5931705
2004/4/21,250.8304608,141.0322539
2004/4/22,253.0280066,142.2744189
2004/4/23,254.0104388,142.9550797
2004/4/26,254.2948271,142.0279446
2004/4/27,253.2606879,141.7341342
2004/4/28,252.510937,140.6323453
2004/4/29,249.2016915,138.6980935
2004/4/30,248.2968198,136.8193393
2004/5/5,248.3743802,138.2018804
2004/5/6,247.4695084,137.5636589
2004/5/7,245.9182996,136.3557717
2004/5/10,238.1622557,132.7761818
2004/5/11,236.3266586,132.2407939
2004/5/12,239.1446879,133.6380256
2004/5/13,232.9915597,131.0900366
2004/5/14,232.1383949,129.5981327
2004/5/17,226.0369737,127.489227
2004/5/18,223.9169883,127.8515931
2004/5/19,227.510622,129.5752808
2004/5/20,224.6408858,128.7656699
2004/5/21,226.217948,129.1998564
2004/5/24,228.6740286,129.6666884
2004/5/25,229.7081678,130.0078349
2004/5/26,231.2852301,130.4599765
2004/5/27,233.1208271,132.4986942
2004/5/28,233.5603363,131.9600418
2004/5/31,232.5003436,132.3240402
2004/6/1,231.6988857,132.585205
2004/6/2,231.1559627,131.6205276
2004/6/3,228.7257356,130.3506137
2004/6/4,228.8808564,131.0427004
2004/6/7,230.7940139,133.1499739
2004/6/8,231.1559627,133.4209324
2004/6/9,231.4403509,133.5857926
2004/6/10,232.1383949,134.4851789
2004/6/11,232.3193693,134.5521024
2004/6/14,230.8715744,133.4568425
2004/6/15,230.6647466,132.2195743
2004/6/16,231.4920579,133.5466179
2004/6/17,232.2159553,134.0591538
2004/6/18,232.1383949,134.1619875
2004/6/21,230.7940139,134.7545051
2004/6/22,229.2428052,133.5972186
2004/6/23,229.5789004,134.1881039
2004/6/24,231.4403509,134.9569078
2004/6/25,230.6906,134.5374119
2004/6/28,230.2510909,134.2093236
2004/6/29,230.6388931,134.3823453
2004/6/30,230.9232813,133.8241055
2004/7/1,231.8540066,135.1691042
2004/7/2,232.6554645,135.5902324
2004/7/5,235.7837355,137.7007704
2004/7/6,237.6193326,139.0376077
2004/7/7,238.7568857,139.5729956
2004/7/8,237.6451861,139.0327109
2004/7/9,236.8178747,139.406503
2004/7/12,236.7403143,138.928245
2004/7/13,236.6369004,139.0408723
2004/7/14,235.5252007,137.9309219
2004/7/15,234.6978894,136.8829982
2004/7/16,235.9130029,137.5440716
2004/7/19,235.1891055,137.6256856
2004/7/20,234.2583802,136.8895273
2004/7/21,235.0081312,137.255158
2004/7/22,234.5427685,137.0086837
2004/7/23,234.3100872,136.817707
2004/7/26,233.6378967,136.8650431
2004/7/27,233.8188711,136.4830896
2004/7/28,233.9481385,136.8895273
2004/7/29,233.0691202,136.0505354
2004/7/30,236.5593399,136.1288848
2004/8/2,234.7597474,135.0695351
2004/8/3,233.8889768,134.7496083
2004/8/4,233.3665145,134.6435101
2004/8/5,233.0182063,134.5602638
2004/8/6,231.8571788,133.8632802
2004/8/9,230.173689,133.3262601
2004/8/10,230.6671257,133.9742753
2004/8/11,231.4508192,134.083638
2004/8/12,230.6090743,133.8224732
2004/8/13,229.0416873,133.1320188
2004/8/16,227.1550177,132.0710368
2004/8/17,227.038915,131.4817838
2004/8/18,226.6906067,132.1428571
2004/8/19,227.4452746,132.2391617
2004/8/20,227.5613773,131.9649386
2004/8/23,226.4293756,131.9877905
2004/8/24,226.5454783,131.3805824
2004/8/25,226.110093,131.8164011
2004/8/26,227.1840434,133.6070123
2004/8/27,227.590403,134.0901671
2004/8/30,229.15779,135.1495168
2004/9/1,229.2448671,135.214808
2004/9/2,232.4086669,137.4445025
2004/9/3,231.7120504,137.4216506
2004/9/6,231.0734853,136.9107469
2004/9/7,231.1895881,137.4853095
2004/9/8,234.4404649,138.7617524
2004/9/9,233.685797,138.2492165
2004/9/10,234.0921566,138.7911335
2004/9/13,236.3271345,139.9272003
2004/9/14,235.9788262,139.8390572
2004/9/15,235.2822098,139.272656
2004/9/16,236.0078519,140.0153434
2004/9/17,237.0818023,140.3205798
2004/9/20,239.1136003,141.2477148
2004/9/21,238.5330866,141.2134369
2004/9/22,236.8495968,139.7721337
2004/9/23,235.7466207,139.2155262
2004/9/24,236.0659033,139.6121703
2004/9/27,235.1080556,138.4630452
2004/9/28,235.1080556,138.0027422
2004/9/29,234.7597474,138.2084095
2004/9/30,235.2531841,138.7372682
2004/10/1,236.7915454,139.3852834
2004/10/4,240.5358589,141.2036432
2004/10/5,240.1875507,140.630713
2004/10/6,239.8682681,140.6274484
2004/10/7,240.5358589,141.0551058
2004/10/8,239.9843709,140.5523635
2004/10/11,238.678215,139.5762601
2004/10/12,238.3008811,139.2008357
2004/10/13,237.8654958,139.284082
2004/10/14,236.9656995,139.0963698
2004/10/15,236.8205711,138.9543615
2004/10/18,236.6754427,139.0196527
2004/10/19,236.5593399,139.0278141
2004/10/20,236.0659033,138.5234395
2004/10/21,235.7466207,138.6148472
2004/10/22,236.2690831,139.377122
2004/10/25,235.4563639,138.8988639
2004/10/26,235.5144152,138.9968007
2004/10/27,235.5434409,138.9347741
2004/10/28,236.6754427,139.231849
2004/10/29,238.0396499,140.5621572
2004/11/1,238.9104205,141.0355184
2004/11/2,241.2615011,142.8555106
2004/11/3,242.5676569,143.3794724
2004/11/4,241.638835,142.4196918
2004/11/5,241.9000661,142.2499347
2004/11/8,241.2034497,142.4229564
2004/11/9,241.8420148,143.0481196
2004/11/10,243.8447871,144.1107339
2004/11/17,246.8054071,147.1761557
2004/11/18,246.6602786,147.6364586
2004/11/19,246.0507392,146.42041
2004/11/22,244.8606861,146.0955863
2004/11/23,248.3437684,148.4362758
2004/11/24,248.4018198,148.4362758
2004/11/25,248.4598712,147.7572473
2004/11/26,248.8372051,148.338339
2004/11/29,248.7791537,149.5005223
2004/11/30,249.6208986,149.7110864
2004/12/1,249.9401811,149.2915905
2004/12/2,252.1461333,150.1648603
2004/12/3,252.9878781,149.7078219
2004/12/6,252.1171076,149.5756072
2004/12/7,250.4045921,148.9308566
2004/12/8,248.2566913,147.2806216
2004/12/9,247.0085869,146.0857926
2004/12/10,245.9636622,145.9633716
2004/12/13,245.9636622,146.4710107
2004/12/14,246.0217135,146.4187777
2004/12/15,246.6312529,147.6821624
2004/12/16,246.1378163,147.6054453
2004/12/17,246.9795612,147.3948812
2004/12/20,247.7922804,148.4738182
2004/12/21,247.3278694,147.9661792
2004/12/22,247.4729978,147.4438496
2004/12/23,248.1696143,148.4232176
2004/12/24,247.5891006,148.0804388
2004/12/27,247.9374088,148.0298381
2004/12/28,248.8081794,147.9743406
2004/12/29,250.0562839,148.1424654
2004/12/30,250.5206948,148.5586968
2004/12/31,252.0880819,148.1179812
2005/1/3,251.4785425,147.5319927
2005/1/4,250.781926,147.3116349
2005/1/5,251.1592599,148.204492
2005/1/6,252.1461333,148.6060329
2005/1/7,254.3230597,149.562549
2005/1/10,254.9035734,150.0097937
2005/1/11,257.1966026,151.9048707
2005/1/12,257.8351677,152.3455863
2005/1/13,257.3707567,152.4712719
2005/1/14,256.7321916,151.7595978
2005/1/17,256.7031659,152.1709324
2005/1/18,256.6451146,153.0360407
2005/1/19,256.9643971,152.7046879
2005/1/20,256.8482944,151.7563332
2005/1/24,255.6001899,150.7133063
2005/1/25,254.4681881,150.1289501
2005/1/26,254.0328028,150.7198355
2005/1/27,253.1039809,150.1615957
2005/1/28,252.0300305,149.7176156
2005/1/31,251.1882856,149.5609167
2005/2/2,250.9560801,149.9265474
2005/2/3,251.3334141,149.8188169
2005/2/4,249.4757702,148.1326717
2005/2/7,249.9111554,148.9586054
2005/2/8,251.1012086,149.3389266
2005/2/14,251.710748,150.2203578
2005/2/15,251.8849021,150.448877
2005/2/16,251.6526966,150.0767172
2005/2/17,250.4916692,148.9651345
2005/2/18,249.5918729,148.1702142
2005/2/21,248.19864,147.6756333
2005/2/22,247.9954602,147.6811831
2005/2/23,245.4702255,146.8529642
2005/2/24,245.9346365,147.4993471
2005/2/25,246.3119704,147.4781274
2005/2/28,246.4861245,148.1098198
2005/3/1,243.9318642,146.6587229
2005/3/2,242.2483744,145.5830504
2005/3/3,242.6837597,145.1815095
2005/3/4,242.2483744,144.5106425
2005/3/7,243.4674532,145.4655262
2005/3/8,244.2801724,146.4971272
2005/3/9,245.6153539,147.4960825
2005/3/10,244.773609,146.7942021
2005/3/11,245.3250971,147.1418778
2005/3/14,244.6575063,147.1728911
2005/3/15,243.9318642,146.6113868
2005/3/16,243.8157614,146.4987595
2005/3/17,243.5255046,146.7844085
2005/3/18,242.4225285,145.9258292
2005/3/21,241.3485781,144.5579786
2005/3/22,239.6650883,143.4170149
2005/3/23,239.6650883,143.8446722
2005/3/24,239.3167801,144.0307522
2005/3/25,239.694114,144.1956124
2005/3/28,240.0424222,144.5285975
2005/3/29,239.0265232,143.9458736
2005/3/30,237.8945215,143.2733742
2005/3/31,236.6173913,142.2287151
2005/4/1,236.182006,142.974667
2005/4/4,233.8018998,141.5562157
2005/4/5,234.2663108,141.977344
2005/4/6,233.3084631,140.6617263
2005/4/7,232.8730778,140.6241839
2005/4/8,233.9470282,141.0322539
2005/4/11,234.7597474,141.9969313
2005/4/12,233.3665145,141.39462
2005/4/13,234.063131,142.6988117
2005/4/14,233.8599512,143.1884957
2005/4/15,233.1052833,142.7020763
2005/4/18,231.1315367,141.4631758
2005/4/19,230.8993312,141.6443588
2005/4/20,232.0893843,142.3315487
2005/4/22,232.9021035,143.2782711
2005/4/25,232.0313329,142.3315487
2005/4/26,232.0603586,142.4050013
2005/4/27,231.6830247,142.4082659
2005/4/28,231.1315367,142.6367851
2005/4/29,231.5378963,143.4708801
2005/5/3,233.2794374,145.60427
2005/5/4,235.3983125,147.4063071
2005/5/5,234.9919529,147.5679028
2005/5/6,234.6726704,147.1043353
2005/5/9,234.0341053,147.1157613
2005/5/10,233.3374888,147.3687647
2005/5/11,232.2925641,146.6930008
2005/5/12,231.7991275,145.8278924
2005/5/13,231.566922,145.4949073
2005/5/16,230.6381,145.1537608
2005/5/17,230.8703055,145.4998041
2005/5/18,229.8253808,144.6803996
2005/5/19,229.622201,144.8599504
2005/5/20,228.8965589,144.15807
2005/5/24,227.5323516,144.3490467
2005/5/25,224.5717317,142.0246801
2005/5/26,223.4397299,141.5349961
2005/5/27,223.7880382,141.8630844
2005/5/30,222.7431135,142.0018282
2005/5/31,220.7693668,140.4952337
2005/6/1,218.6504917,140.6960042
2005/6/2,217.5765414,140.7678245
2005/6/3,221.495009,141.3358579
2005/6/6,222.6560364,142.3299164
2005/6/7,222.6270107,143.137895
2005/6/8,225.007117,143.5492296
2005/6/9,226.3132728,143.5427004
2005/6/10,228.9836359,145.2761818
2005/6/13,230.9573826,146.0368242
2005/6/14,229.15779,145.7038391
2005/6/15,230.0285606,146.9541656
2005/6/16,229.7963551,146.5852703
2005/6/17,229.3029185,146.4253069
2005/6/20,229.4480469,146.3747062
2005/6/21,228.7224048,146.3028859
2005/6/22,231.0154339,147.4487464
2005/6/23,230.4639459,147.2822539
2005/6/24,230.086612,146.5917994
2005/6/25,228.1999424,145.4736876
2005/6/28,228.2870195,146.035192
2005/6/29,228.0257883,145.2696527
2005/6/30,227.4452746,144.9986942
2005/7/1,227.6194287,145.9290938
2005/7/4,227.4743003,146.6913685
2005/7/5,227.9677369,146.7207495
2005/7/6,229.2738928,147.3442805
2005/7/7,229.9414836,148.041264
2005/7/8,228.6643534,147.4944502
2005/7/11,230.2607661,148.4264821
2005/7/12,231.7701018,149.4711413
2005/7/13,231.653999,149.0385871
2005/7/14,233.2213861,150.3427788
2005/7/15,233.9180025,149.6539566
2005/7/18,233.4826172,149.3666754
2005/7/19,233.9180025,149.644163
2005/7/20,234.9339015,150.8243014
2005/7/21,234.7887731,150.4864194
2005/7/22,237.5171876,153.3837164
2005/7/25,238.0977013,153.4082006
2005/7/26,237.2849821,152.7389658
2005/7/27,236.9947252,152.1235962
2005/7/28,238.0106242,152.5169757
2005/7/29,238.7652921,153.008292
2005/7/31,238.8313771,153.008292
2005/8/1,238.1374841,153.1437712
2005/8/2,239.1948449,153.6514103
2005/8/3,242.9947354,155.4893575
2005/8/4,241.8052044,154.2879995
2005/8/5,241.2434815,153.9909245
2005/8/8,240.7808861,154.7434056
2005/8/9,239.1618024,154.2406634
2005/8/10,238.2035691,153.3494385
2005/8/11,237.8401013,152.7895665
2005/8/12,237.6748887,152.9511622
2005/8/15,235.7584222,151.4625229
2005/8/16,235.3619119,151.2291068
2005/8/17,234.9654016,151.2111517
2005/8/18,233.9741258,150.763907
2005/8/19,233.7097856,151.0740402
2005/8/22,232.916765,150.8177723
2005/8/23,233.4454454,150.7883912
2005/8/24,233.7428281,151.1621833
2005/8/25,232.6524248,150.1452729
2005/8/26,232.2559145,149.9053278
2005/8/29,230.4385755,148.8394489
2005/8/30,229.8107676,149.1185688
2005/9/1,228.6542791,148.4836119
2005/9/2,228.7203642,148.4036302
2005/9/5,228.522109,148.4950379
2005/9/6,227.8612585,148.8051711
2005/9/7,229.3151297,150.0179551
2005/9/8,229.7446825,149.6474275
2005/9/9,229.083832,149.8302429
2005/9/12,229.0177469,150.0179551
2005/9/13,229.71164,149.4711413
2005/9/14,229.777725,149.3111779
2005/9/15,229.4142572,150.1126273
2005/9/16,231.1985536,150.4945808
2005/9/19,231.0002985,150.7035127
2005/9/20,230.6368307,150.50111
2005/9/21,231.4959364,150.5892531
2005/9/22,231.7602766,150.6676025
2005/9/23,231.5950639,150.478258
2005/9/26,231.3637663,151.0071167
2005/9/27,232.1898294,151.428245
2005/9/28,231.9585317,150.9042831
2005/9/29,230.0090227,150.8602115
2005/9/30,231.4298513,151.4004962
2005/10/3,230.7359583,151.0397623
2005/10/4,230.6368307,150.9467224
2005/10/5,230.7690008,151.3955994
2005/10/6,230.0420652,151.1899321
2005/10/7,229.7446825,151.020175
2005/10/10,230.4716181,151.6192217
2005/10/11,230.405533,151.5457691
2005/10/12,229.8107676,151.5555628
2005/10/13,229.4142572,151.3319405
2005/10/14,229.3812147,151.0822016
2005/10/17,228.6873217,150.8667407
2005/10/18,227.7951735,150.600679
2005/10/19,225.5813242,149.2181379
2005/10/20,223.30139,148.8133325
2005/10/21,222.8387946,148.4689214
2005/10/24,221.6823062,147.6723688
2005/10/25,221.1866683,147.6805302
2005/10/26,220.9223281,147.755615
2005/10/27,220.6910304,147.633194
2005/10/28,220.7240729,147.8502873
2005/10/31,221.2197108,148.6615304
2005/11/2,221.9796889,149.1773309
2005/11/7,222.3761992,148.787216
2005/11/8,222.0127314,148.390572
2005/11/9,221.5501361,147.9743406
2005/11/10,220.1293075,147.0831157
2005/11/11,219.6006271,146.635871
2005/11/14,217.7832881,146.2832985
2005/11/15,217.3867778,145.9796944
2005/11/16,218.0806709,146.3828676
2005/11/17,217.2215652,145.9747976
2005/11/18,218.7415214,147.1859493
2005/11/21,219.534542,147.9237399
2005/11/22,218.7084789,147.3197963
2005/11/23,218.9728191,147.3785584
2005/11/24,218.6754363,147.5009794
2005/11/25,218.4771812,147.603813
2005/11/28,217.9485008,146.9280491
2005/11/29,217.4528629,146.6815748
2005/11/30,217.3537353,146.2735048
2005/12/1,216.1311618,144.9138156
2005/12/2,216.4946296,144.4796291
2005/12/5,216.5276721,144.5351267
2005/12/6,216.2633319,144.6967224
2005/12/7,217.1554801,145.545508
2005/12/8,217.3206928,146.2702403
2005/12/9,217.6841605,146.6277096
2005/12/12,216.957225,146.4171455
2005/12/13,217.1885227,146.6228127
2005/12/14,217.9154582,146.7093236
2005/12/15,217.2546077,146.0857926
2005/12/16,218.0476283,145.8229956
2005/12/19,217.6841605,146.2294333
2005/12/20,217.1885227,146.2653434
2005/12/21,217.0893951,146.0319274
2005/12/22,215.8337791,146.227801
2005/12/23,216.6267997,145.6205928
2005/12/27,216.957225,146.0090755
2005/12/28,217.1554801,146.1788326
2005/12/29,217.7172031,146.9851789
2005/12/30,217.9154582,146.8709193
2006/1/3,217.3206928,145.738117
2006/1/4,219.7327972,146.4367328
2006/1/5,221.9466464,147.9922956
2006/1/6,222.8057521,148.8100679
2006/1/9,224.689176,149.1577435
2006/1/11,225.1848139,148.4705537
2006/1/12,225.316984,148.7268216
2006/1/13,224.5239634,148.8476103
2006/1/16,224.4578784,147.971076
2006/1/17,224.4248358,148.1326717
2006/1/18,222.9048796,147.1206581
2006/1/19,223.367475,147.3459128
2006/1/20,224.3257083,147.7882606
2006/1/23,223.9622405,147.3148995
2006/1/24,225.5152392,148.0445286
2006/1/25,228.1916838,148.4999347
2006/1/26,228.4890665,149.0500131
2006/1/27,229.4142572,149.1920214
2006/1/31,230.2072779,149.1920214
2006/2/3,233.3463178,151.4510969
2006/2/6,233.610658,151.702468
2006/2/7,234.0402109,150.7965526
2006/2/8,233.5115304,149.9934709
2006/2/9,234.800189,150.2725908
2006/2/10,235.2627843,150.2203578
2006/2/13,236.0558049,150.6218987
2006/2/14,235.6262521,151.0691434
2006/2/15,236.0888475,151.3401019
2006/2/16,235.3949544,151.4919039
2006/2/17,235.4610395,151.2258423
2006/2/20,234.9984441,151.0152781
2006/2/21,233.8419557,151.0952599
2006/2/22,234.4036786,150.8879603
2006/2/23,234.7671464,151.3955994
2006/2/24,235.7914647,150.9712066
2006/2/27,237.377506,151.5833116
2006/2/28,237.6418462,151.6290154
2006/3/1,235.4610395,150.4243928
2006/3/2,236.2540601,150.133847
2006/3/3,237.1462083,149.6686472
2006/3/6,236.4192727,149.3405589
2006/3/7,236.4523153,149.387895
2006/3/8,235.427997,149.113672
2006/3/9,236.1549325,150.3182946
2006/3/10,235.8575498,150.489684
2006/3/13,237.2122933,150.50111
2006/3/14,236.8818681,150.8830635
2006/3/15,237.443591,150.8618438
2006/3/16,238.5670369,150.6839253
2006/3/17,238.9635472,150.5974145
2006/3/20,239.6243977,150.6627057
2006/3/21,240.2522057,150.6806607
2006/3/22,239.9217805,150.4864194
2006/3/23,238.8974622,151.0038522
2006/3/24,239.6904828,151.1638156
2006/3/27,240.3513333,151.5539305
2006/3/28,241.1113114,152.2639723
2006/3/29,242.1356297,152.2884565
2006/3/30,240.8800137,151.3074563
2006/3/31,241.276524,151.2519587
2006/4/3,241.5078217,151.5131235
2006/4/4,242.7303952,151.9930138
2006/4/5,244.2833939,153.7069078
2006/4/6,245.4398823,153.6073387
2006/4/7,246.0676903,154.0398929
2006/4/10,247.9511143,153.8374902
2006/4/12,247.8189442,153.7411857
2006/4/13,248.3476246,152.8205798
2006/4/14,250.0988784,153.160094
2006/4/17,249.8345382,153.3918778
2006/4/18,250.7266864,153.527357
2006/4/19,253.0066207,154.4087882
2006/4/20,253.2709609,154.5148864
2006/4/21,252.6431529,154.7711543
2006/4/24,253.0727058,153.9827631
2006/4/25,253.1387908,154.1019196
2006/4/26,254.6917895,154.9507051
2006/4/27,254.2952792,154.6764821
2006/4/28,255.3856826,154.9409115
2006/5/2,256.6412986,155.270632
2006/5/3,257.5664893,155.1041395
2006/5/4,260.4742316,155.7456255
2006/5/5,262.6880808,156.9241316
2006/5/8,264.7367174,157.6619222
2006/5/9,264.9349726,157.8218856
2006/5/10,264.3732496,157.7794463
2006/5/11,266.1905886,157.6864064
2006/5/15,263.0515486,157.4529903
2006/5/16,260.2759764,156.6890833
2006/5/17,259.2516581,156.4377122
2006/5/18,259.1855731,154.7042309
2006/5/19,257.797787,154.1525202
2006/5/22,251.453622,151.0691434
2006/5/23,250.2971336,151.2405328
2006/5/24,250.6275589,151.4347741
2006/5/25,249.1736877,150.8177723
2006/5/26,248.6780498,151.9244581
2006/5/29,249.2728153,151.5359755
2006/5/30,247.7528591,151.784082
2006/5/31,248.1493694,151.4396709
2006/6/1,248.314582,151.8754897
2006/6/2,249.0745601,151.9195612
2006/6/5,248.8102199,152.1121703
2006/6/6,247.3563488,151.0658788
2006/6/7,246.4311581,150.7524811
2006/6/8,242.3669274,149.7208801
2006/6/9,241.0121838,149.4189083
2006/6/12,242.0695447,149.6311047
2006/6/13,239.5583127,147.4977148
2006/6/14,237.2783784,145.8001436
2006/6/15,234.7341039,144.6983547
2006/6/16,237.8731439,145.8442152
2006/6/19,237.8401013,145.1929355
2006/6/20,237.6088037,145.2712849
2006/6/21,239.1618024,146.0335597
2006/6/22,241.4086941,146.9819143
2006/6/23,242.7634377,147.9400627
2006/6/26,242.8295228,147.6413554
2006/6/27,243.9529686,148.1718464
2006/6/28,242.9947354,148.0314704
2006/6/29,245.3077122,148.6256203
2006/6/30,246.3981155,149.3030165
2006/7/3,248.2815395,150.029381
2006/7/4,250.3632187,150.8210368
2006/7/5,250.7266864,150.967942
2006/7/6,249.9336658,150.1697571
2006/7/7,252.6101104,151.0773048
2006/7/10,252.1475151,150.9630452
2006/7/11,253.6013862,150.9206059
2006/7/12,254.4274493,151.5131235
2006/7/13,254.3613643,151.2389005
2006/7/14,249.9667083,149.1299948
2006/7/17,245.6381375,147.3459128
2006/7/18,247.2241787,148.3220162
2006/7/19,246.992881,148.8606686
2006/7/20,247.8189442,149.6180465
2006/7/21,249.8345382,150.9401933
2006/7/24,248.2154545,150.5517106
2006/7/25,249.5371555,151.4837425
2006/7/26,250.0988784,152.5104466
2006/7/27,251.0571117,152.9054583
2006/7/28,251.5857921,152.5724732
2006/7/31,252.1475151,152.7569209
2006/8/1,252.295164,152.7879342
2006/8/2,252.7011987,152.466375
2006/8/3,252.1844273,152.6655132
2006/8/4,253.2548823,153.1062288
2006/8/7,252.295164,153.1862105
2006/8/8,251.4830947,153.2841473
2006/8/9,251.9629538,153.6399843
2006/8/10,252.0367783,153.9223688
2006/8/11,250.9663234,153.8048446
2006/8/14,251.0032356,154.413685
2006/8/15,250.3757275,154.0774354
2006/8/16,249.6743949,153.1045965
2006/8/17,250.5972009,153.7738313
2006/8/18,250.4126397,153.760773
2006/8/21,249.8958684,153.8603421
2006/8/22,249.1945358,154.2537216
2006/8/23,249.4160093,154.7825803
2006/8/24,249.0099746,154.7613607
2006/8/25,249.379097,155.1514756
2006/8/28,248.6408522,155.2232959
2006/8/29,248.0133441,155.5921912
2006/8/30,249.1945358,156.3920084
2006/9/1,249.8958684,156.8115043
2006/9/4,249.2683603,158.0406111
2006/9/5,249.0468868,157.3256725
2006/9/6,248.1240808,156.1096239
2006/9/7,251.5569192,156.0214808
2006/9/8,251.224709,156.1602246
2006/9/11,251.7045682,156.0002612
2006/9/12,250.9663234,155.6705406
2006/9/13,251.7045682,155.760316
2006/9/14,252.4059007,156.2255158
2006/9/15,253.1072333,156.5340167
2006/9/18,255.1374065,157.6047924
2006/9/19,254.4729862,157.1591799
2006/9/20,254.3991617,156.6368504
2006/9/21,254.8790208,157.6913032
2006/9/22,255.7649146,157.5525594
2006/9/25,255.3219677,157.5868373
2006/9/26,254.9897576,157.6227475
2006/9/27,255.4696167,157.7304779
2006/9/28,256.9461063,158.1483416
2006/9/29,257.352141,157.9312484
2006/10/2,257.5736144,158.2772917
2006/10/3,257.6105266,157.9328806
2006/10/4,257.3890532,157.3615827
2006/10/5,257.9058246,158.1499739
2006/10/6,258.9024551,158.4911204
2006/10/9,259.2715775,158.2299556
2006/10/10,260.1574712,158.2838208
2006/10/11,261.3386629,158.3915513
2006/10/12,262.4829424,159.2484983
2006/10/13,263.1473627,160.541264
2006/10/16,262.11382,160.582071
2006/10/17,262.11382,159.5112954
2006/10/18,261.6339609,159.2925699
2006/10/19,261.966171,159.7626665
2006/10/20,261.7077853,159.8312223
2006/10/26,263.184275,160.3927266
2006/10/27,264.6238523,161.5793941
2006/10/30,264.107081,160.9542309
2006/10/31,264.9191503,161.3182293
2006/11/1,265.8419563,161.4879864
2006/11/2,267.1338847,162.4526639
2006/11/3,267.4660949,162.9048054
2006/11/6,266.6909378,162.1343693
2006/11/7,270.1237762,163.7633847
2006/11/8,269.0902335,164.417929
2006/11/9,269.8653905,166.4811308
2006/11/10,269.9023027,166.8679812
2006/11/13,269.6808293,166.4615435
2006/11/14,271.5264413,168.1395273
2006/11/15,271.6740903,167.8604074
2006/11/16,276.9894529,169.3653695
2006/11/17,276.4726816,169.8860669
2006/11/20,276.6572428,168.6993993
2006/11/21,278.9827139,169.1303212
2006/11/22,279.7209587,170.3790154
2006/11/23,279.8316954,170.819731
2006/11/24,281.751132,173.0918647
2006/11/27,283.3752705,174.3748368
2006/11/28,282.4524645,172.5695351
2006/11/29,282.8584992,173.7725255
2006/11/30,287.6570904,176.3939671
2006/12/1,287.9154761,176.3041917
2006/12/4,287.6201782,175.8683729
2006/12/5,291.8650859,177.7487595
2006/12/6,289.9456494,179.2814704
2006/12/7,288.1738618,179.2667798
2006/12/8,289.3919657,179.3206451
2006/12/11,288.8751944,179.8282841
2006/12/12,285.1470581,177.6606163
2006/12/13,284.2980766,176.2209454
2006/12/14,283.1907093,175.5468138
2006/12/15,286.2913375,177.7748759
2006/12/18,284.1135153,176.5474014
2006/12/19,281.0497994,173.0804388
2006/12/20,281.8249564,175.682293
2006/12/21,281.751132,175.7443197
2006/12/22,282.8954114,176.2405328
2006/12/26,283.3752705,175.9842648
2006/12/27,285.3685315,176.8118308
2006/12/28,288.358423,177.7308044
2006/12/29,290.204035,178.9370593
2007/1/3,294.5596794,182.340363
2007/1/4,295.7777834,182.5182815
2007/1/5,294.4858549,182.8806477
2007/1/8,294.5596794,181.6760251
2007/1/9,294.6704161,182.6455994
2007/1/10,293.6737856,181.7037738
2007/1/11,292.5664184,180.5399582
2007/1/12,296.9589751,182.7059937
2007/1/15,300.8347603,184.0248759
2007/1/16,302.163601,184.8736615
2007/1/17,302.2005132,186.0325803
2007/1/18,306.1870352,187.3302429
2007/1/19,306.5561576,187.3465657
2007/1/22,309.6567858,188.9935362
2007/1/23,311.834608,190.8331157
2007/1/24,315.7842177,193.1052494
2007/1/25,317.1130584,192.5535388
2007/1/26,316.2271646,190.9588013
2007/1/29,318.8479337,192.2058631
2007/1/30,319.0694071,192.8408201
2007/1/31,318.441899,194.1352181
2007/2/2,321.653264,197.4209976
2007/2/5,324.2002086,200.0734526
2007/2/6,325.7874349,201.8526378
2007/2/7,330.6598507,202.9854401
2007/2/8,332.6900239,203.8440193
2007/2/9,333.2067953,202.5447245
2007/2/12,330.7705874,201.0756725
2007/2/13,330.4752895,201.4739488
2007/2/14,334.2034257,203.323322
2007/2/15,333.8712156,205.4436537
2007/2/16,333.4282687,206.0084226
2007/2/21,337.4886152,208.6412902
2007/2/22,340.9214535,208.3638026
2007/2/23,343.0992757,209.4982371
2007/2/26,342.9147145,207.7680204
2007/2/27,330.1430793,201.9260904
2007/2/28,317.9989522,195.2941369
2007/3/1,310.616504,192.7575738
2007/3/2,306.9621922,190.1083834
2007/3/5,292.4925939,181.2957038
2007/3/6,297.4388342,184.6043353
2007/3/7,304.3045109,188.7862366
2007/3/8,310.4319428,193.761426
2007/3/9,310.8748897,194.0503395
2007/3/12,314.750675,196.4106163
2007/3/13,313.8647812,195.8752285
2007/3/14,306.92528,190.385871
2007/3/15,307.848086,192.659637
2007/3/16,309.1031022,192.9681379
2007/3/19,311.2809244,194.6036824
2007/3/20,313.4956588,196.7354401
2007/3/21,315.0828852,197.3981457
2007/3/22,319.0694071,199.4189083
2007/3/23,320.6197212,201.6926743
2007/3/26,326.7471532,203.1078611
2007/3/27,326.3411185,203.5730609
2007/3/28,322.0962109,201.6257508
2007/3/29,322.9082801,201.731849
2007/3/30,324.7908044,203.5240925
2007/4/2,326.562592,203.4310525
2007/4/3,329.8846936,205.148211
2007/4/4,332.247077,207.5133847
2007/4/5,333.8343033,208.5205014
2007/4/6,333.2806197,208.7555498
2007/4/9,337.1933172,211.928702
2007/4/10,339.9986475,213.2312614
2007/4/11,339.1127537,213.2116741
2007/4/12,338.0422988,213.3700052
2007/4/13,336.6396336,213.5348655
2007/4/16,339.0389293,215.9359493
2007/4/17,339.6664373,217.1356751
2007/4/18,337.5255274,216.8696135
2007/4/19,332.394726,213.234526
2007/4/20,335.4584419,214.7052102
2007/4/23,339.1865782,215.6829459
2007/4/24,340.8107168,215.0528859
2007/4/25,343.2469247,214.803147
2007/4/27,346.4582896,216.2395534
2007/4/30,344.834151,215.8282189
2007/5/3,347.1227099,219.1809219
2007/5/4,348.9314097,222.5450509
2007/5/7,349.7065668,222.8519196
2007/5/8,346.7535875,221.1200705
2007/5/9,345.3140101,220.4949073
2007/5/10,348.1562527,221.2751371
2007/5/11,346.6428508,220.5944764
2007/5/14,345.0556245,221.9231523
2007/5/15,345.1294489,219.7212066
2007/5/16,346.1260794,220.7511752
2007/5/17,345.3878346,221.8872421
2007/5/18,345.2032734,221.4742753
2007/5/21,344.0220817,219.8958605
2007/5/22,346.9012365,223.215918
2007/5/23,344.2804674,221.1706712
2007/5/24,340.6630678,218.8854792
2007/5/25,340.0355597,218.575346
2007/5/28,338.6328946,219.7032515
2007/5/29,337.3040539,219.2151998
2007/5/30,335.5691786,218.5916688
2007/5/31,336.2705112,219.8501567
2007/6/1,341.2905759,222.0015017
2007/6/4,344.0959062,222.0341473
2007/6/5,348.673024,223.5554322
2007/6/6,349.3743566,224.0108383
2007/6/7,348.968322,222.7099112
2007/6/8,347.2334467,220.7479107
2007/6/11,348.1562527,221.6081222
2007/6/12,351.7736522,222.084748
2007/6/13,353.9883867,220.8523766
2007/6/14,354.0622111,221.5297728
2007/6/15,356.2769456,222.0961739
2007/6/18,357.6796107,223.9945155
2007/6/19,358.4547678,224.7306738
2007/6/20,362.330553,226.2780752
2007/6/21,364.7298487,226.5539305
2007/6/22,367.9412136,227.1431836
2007/6/25,369.8606501,224.7861713
2007/6/26,367.0184076,223.1310394
2007/6/27,362.4412897,221.5705798
2007/6/28,361.555396,220.4753199
2007/6/29,363.2902713,221.0727344
2007/6/30,364.6929364,221.0727344
2007/7/2,365.394269,222.7033821
2007/7/3,367.4982667,224.1348916
2007/7/4,371.6324376,224.7878036
2007/7/5,374.5115924,223.5080961
2007/7/6,377.8706063,224.2491512
2007/7/9,380.4913754,225.040807
2007/7/10,382.7799343,223.8590363
2007/7/11,383.2228812,221.8709193
2007/7/12,384.1087749,222.9727083
2007/7/13,387.3570521,226.0250718
2007/7/16,389.1288397,225.50111
2007/7/17,385.4007034,224.8433011
2007/7/18,383.1859689,223.4966701
2007/7/19,381.1557957,224.6670149
2007/7/20,382.1524262,225.6398537
2007/7/23,384.6993708,225.5043745
2007/7/24,392.2294679,227.2427527
2007/7/25,391.2328374,225.2105641
2007/7/26,390.6422415,225.4994777
2007/7/27,385.5483523,221.2359624
2007/7/30,386.3604216,220.7511752
2007/7/31,387.9030282,224.2279316
2007/8/1,378.3138519,218.6422695
2007/8/2,372.1434254,217.6286237
2007/8/3,372.2268096,217.9779316
2007/8/6,364.8056209,210.7110212
2007/8/7,357.5095085,210.5853356
2007/8/8,363.3047064,213.3667407
2007/8/9,366.1814593,214.3820188
2007/8/10,360.5530297,210.1886916
2007/8/13,357.9681213,210.1707365
2007/8/14,357.0092037,210.2931575
2007/8/15,348.5040212,204.332071
2007/8/16,335.1625585,197.1157613
2007/8/17,328.3667509,194.4943197
2007/8/20,338.2477717,202.956059
2007/8/21,337.9142352,201.0120136
2007/8/22,342.5837471,204.914795
2007/8/23,346.7112621,209.5227213
2007/8/24,348.9209419,207.8741186
2007/8/27,348.962634,208.6494516
2007/8/28,349.9632437,208.7604466
2007/8/29,347.0447987,206.2712196
2007/8/30,348.6707895,207.941042
2007/9/3,352.0895393,209.6075999
2007/9/4,353.8406063,209.543941
2007/9/5,355.466597,211.858514
2007/9/6,356.2587464,212.0086837
2007/9/7,354.5076794,212.9962131
2007/9/10,352.2146155,210.6783756
2007/9/11,349.6713992,209.9650692
2007/9/12,349.6713992,209.9014103
2007/9/13,348.962634,209.5880125
2007/9/14,350.2967802,210.482502
2007/9/17,345.5855762,208.6608775
2007/9/18,349.546323,208.4960172
2007/9/19,353.6321459,211.7328284
2007/9/20,352.2979996,213.6115827
2007/9/21,354.3409111,213.1659702
2007/9/24,354.0073745,215.0104466
2007/9/25,353.9239904,214.8782319
2007/9/26,356.1753622,215.6062288
2007/9/27,360.76149,218.0171063
2007/9/28,365.1808496,218.1215722
2007/9/30,365.1391575,218.1215722
2007/10/1,371.0177395,219.8762732
2007/10/2,374.7283338,223.4134239
2007/10/3,371.3512761,223.1261426
2007/10/4,374.811718,223.5962392
2007/10/5,377.2298581,224.0124706
2007/10/8,373.8944924,222.6658396
2007/10/9,375.8540197,223.5227866
2007/10/10,375.0618704,224.7535257
2007/10/11,376.9797056,225.8438887
2007/10/12,374.3947972,224.4793027
2007/10/16,369.6835932,224.0108383
2007/10/17,370.4757426,224.3389266
2007/10/18,369.9754377,224.6539566
2007/10/19,366.014691,223.6501045
2007/10/22,357.4261244,220.4900104
2007/10/23,361.887176,221.554257
2007/10/24,359.8025724,221.962327
2007/10/25,363.7633192,224.9722512
2007/10/26,370.725895,228.2498694
2007/10/29,374.7700259,230.4159049
2007/10/30,374.7283338,230.6068817
2007/10/31,375.2703307,230.7472578
2007/11/1,374.5198735,230.0143641
2007/11/2,369.8086694,228.1078611
2007/11/5,363.5548588,226.0267041
2007/11/6,366.7234562,226.7416427
2007/11/7,377.188166,230.7799034
2007/11/9,372.476962,228.8864586
2007/11/12,364.3887002,225.6382215
2007/11/13,363.2630143,225.8145077
2007/11/14,363.3880905,226.0022199
2007/11/15,362.470865,226.8869156
2007/11/16,361.345179,226.3384696
2007/11/19,356.5088988,225.2399452
2007/11/20,354.7995239,223.8998433
2007/11/21,347.4617194,221.9655915
2007/11/22,344.293122,219.4045443
2007/11/23,346.0024969,220.9372552
2007/11/26,352.0895393,222.7033821
2007/11/27,350.0049357,222.8045834
2007/11/28,347.6701798,223.064116
2007/11/29,349.6297071,224.3275007
2007/11/30,349.6713992,228.0262471
2007/12/3,352.6732283,231.6760251
2007/12/4,356.4255147,231.0998302
2007/12/5,358.968731,233.0520371
2007/12/6,361.2617949,235.1119744
2007/12/7,360.0944169,234.0754766
2007/12/10,356.9258195,232.6211152
2007/12/11,359.0104231,234.095064
2007/12/12,356.8424354,232.3909637
2007/12/13,351.1306216,230.2428833
2007/12/14,350.2967802,229.0758031
2007/12/17,346.627878,227.1497127
2007/12/18,345.3771159,226.1442283
2007/12/19,347.1698749,226.4315095
2007/12/21,349.0460181,229.1002873
2007/12/24,350.0883199,232.3126143
2007/12/26,352.9650728,232.4399321
2007/12/27,353.090149,234.6924785
2007/12/28,355.3832129,236.1974406
2007/12/31,356.4672067,235.8693523
2008/1/2,357.3010482,234.3431705
2008/1/3,354.7578318,234.2942021
2008/1/4,356.5505909,239.4016062
2008/1/7,354.3409111,240.070841
2008/1/8,357.4678164,243.1672761
2008/1/9,358.8436548,243.4806738
2008/1/11,358.5518103,247.4895534
2008/1/14,355.0913684,245.9911204
2008/1/15,351.8393869,245.7740272
2008/1/16,341.5414453,237.2780099
2008/1/17,344.1680458,238.4287673
2008/1/18,341.7915978,234.9650692
2008/1/21,333.4948756,229.9229564
2008/1/22,324.9480011,221.0890572
2008/1/24,327.1993729,225.8014495
2008/1/25,332.4942659,229.4006268
2008/1/28,326.0319949,225.3427788
2008/1/29,328.7419795,226.6420736
2008/1/30,326.7824522,225.9206059
2008/1/31,326.9075284,227.4174066
2008/2/4,329.4924368,231.728258
2008/2/5,331.1184276,233.7996213
2008/2/6,326.9909126,231.1210499
2008/2/11,327.2827571,229.7238182
2008/2/12,328.450135,231.3789501
2008/2/13,328.0332143,232.2979237
2008/2/14,331.0767355,234.4117263
2008/2/15,330.6181227,232.9573648
2008/2/18,329.2005923,230.6134108
2008/2/19,330.2428941,232.6798773
2008/2/20,327.3244491,230.8566205
2008/2/21,326.2404553,227.6638809
2008/2/22,323.4053945,223.5374771
2008/2/25,322.2797085,223.7513058
2008/2/26,321.946172,224.5086837
2008/2/27,324.4893883,224.702925
2008/2/28,323.4053945,223.3399713
2008/2/29,320.8621781,221.5656829
2008/3/3,316.3177424,217.1928049
2008/3/4,312.6488402,214.4848524
2008/3/5,310.1473159,208.9693784
2008/3/6,311.981767,212.1457952
2008/3/7,308.8131696,211.5973492
2008/3/10,296.3472404,191.5023505
2008/3/11,298.9321488,196.9411073
2008/3/12,303.5599687,201.1931967
2008/3/13,295.5967831,196.093954
2008/3/14,295.3883228,195.0313398
2008/3/17,289.9683535,192.2058631
2008/3/18,289.7182011,192.6123009
2008/3/19,290.1351218,193.6765474
2008/3/21,288.2172866,194.087882
2008/3/24,295.6801673,196.0400888
2008/3/25,300.9333682,200.7622747
2008/3/26,302.2258224,203.2874119
2008/3/27,304.2687339,204.6928049
2008/3/28,304.0602735,205.4077435
2008/3/31,301.1418286,203.6301907
2008/4/1,302.5176669,204.1019196
2008/4/2,305.6862643,202.3455863
2008/4/3,305.8113405,200.0489684
2008/4/4,307.2288709,199.4613476
2008/4/7,309.1467062,199.3128101
2008/4/8,306.5617978,200.070188
2008/4/9,305.0608832,200.4015409
2008/4/10,305.1025753,203.7395534
2008/4/11,305.3110357,203.5110342
2008/4/14,300.8916761,201.3303082
2008/4/15,302.4759748,203.0882737
2008/4/16,305.8530326,204.629146
2008/4/17,306.686874,205.1025072
2008/4/18,307.3956392,206.9159702
2008/4/21,311.398078,208.931836
2008/4/22,311.8149987,208.8175764
2008/4/23,314.7334437,210.2637764
2008/4/24,318.4023459,211.0668582
2008/4/25,318.1521935,210.2507182
2008/4/28,319.1944953,211.4308566
2008/4/29,317.3183521,209.5276182
2008/4/30,317.1098917,208.9089841
2008/5/2,321.987864,207.5411335
2008/5/5,320.9038702,208.0520371
2008/5/6,321.5292513,208.2936145
2008/5/7,320.3201812,210.0989162
2008/5/8,319.8198764,208.9889658
2008/5/9,318.5274222,209.7920475
2008/5/12,320.1534129,211.0684905
2008/5/13,320.6954098,209.9993471
2008/5/14,322.6549372,210.1952207
2008/5/15,324.32262,211.2415121
2008/5/16,324.9480011,212.3057587
2008/5/20,321.6960195,210.14462
2008/5/21,318.7358825,209.1277096
2008/5/22,318.2355777,208.535192
2008/5/23,317.1515838,208.0797858
2008/5/26,314.5666754,207.8496344
2008/5/27,316.06759,207.9916427
2008/5/28,314.6083675,205.7619483
2008/5/29,317.1515838,205.964351
2008/5/30,316.8180472,208.2952468
2008/5/31,316.8180472,208.2952468
2008/6/2,313.732834,206.0737138
2008/6/3,311.1062335,205.270632
2008/6/4,311.1896177,204.5442674
2008/6/5,310.772697,199.7192478
2008/6/6,309.1050141,203.80158
2008/6/9,304.1853497,200.9303996
2008/6/10,299.6826061,200.927135
2008/6/11,298.6819964,200.652912
2008/6/12,297.3895422,200.0424393
2008/6/13,296.4723166,200.6643379
2008/6/16,301.2669048,202.0860538
2008/6/17,297.7230787,200.4048054
2008/6/18,297.0143135,197.9286367
2008/6/19,293.2203351,195.2843432
2008/6/20,291.5526522,196.962327
2008/6/23,289.7182011,195.1243797
2008/6/24,287.3834451,195.9193001
2008/6/25,290.6771188,197.3606033
2008/6/26,287.9671341,196.5085531
2008/6/27,284.381616,194.3294594
2008/6/30,283.7145429,193.6814442
2008/7/1,280.6293297,191.7651476
2008/7/2,277.7108847,188.31614
2008/7/3,277.7108847,188.31614
2008/7/4,272.1658392,185.1234004
2008/7/7,271.7489185,184.0003917
2008/7/8,270.4981564,183.0193915
2008/7/9,273.9169062,186.0489031
2008/7/10,272.0824551,185.3437582
2008/7/11,273.3749093,187.7758553
2008/7/14,269.7893912,186.7328284
2008/7/15,264.2860378,184.0558893
2008/7/16,264.8280348,182.7206843
2008/7/17,265.9954127,183.0063332
2008/7/18,266.6624859,180.3734657
2008/7/21,269.2057022,180.11883
2008/7/22,267.6270725,181.1128885
2008/7/23,273.1522765,185.9836119
2008/7/24,273.2509409,186.3394489
2008/7/25,271.622979,186.3655654
2008/7/28,272.5602904,188.3797989
2008/7/29,271.080325,187.8427788
2008/7/30,272.7082869,189.3346827
2008/7/31,272.8069513,189.8488509
2008/8/1,273.6455983,189.1975712
2008/8/4,272.4122939,187.4967354
2008/8/5,270.9816607,184.2615565
2008/8/6,272.461626,185.033625
2008/8/7,270.4883389,184.3758161
2008/8/8,270.8336641,182.8659572
2008/8/11,272.3136295,184.0330373
2008/8/12,270.9816607,182.6162183
2008/8/13,269.2550344,181.5960434
2008/8/14,269.1070378,181.0900366
2008/8/15,268.6137161,178.742818
2008/8/18,266.5910967,176.9979107
2008/8/19,264.1244877,174.5592844
2008/8/20,264.5191452,175.1779185
2008/8/21,264.0751556,174.8873727
2008/8/22,264.9138026,177.2003134
2008/8/25,266.5910967,176.0789371
2008/8/26,266.7390932,174.7355706
2008/8/27,266.5417645,174.2703709
2008/8/28,266.5910967,174.7290415
2008/8/29,269.1070378,179.6324106
2008/8/31,269.1070378,179.6324106
2008/9/1,269.1070378,179.6324106
2008/9/2,269.1070378,177.4272003
2008/9/3,268.6630482,177.1644032
2008/9/4,265.012467,177.1121703
2008/9/5,264.9631348,174.7420998
2008/9/8,267.3310794,175.6218987
2008/9/9,265.0617991,174.4172761
2008/9/10,263.1378442,173.4623923
2008/9/11,260.1779134,169.9317707
2008/9/12,259.7339238,170.4149256
2008/9/15,256.3793356,168.3908984
2008/9/16,255.2940277,165.2471272
2008/9/17,251.8407751,163.7160486
2008/9/18,251.6927786,161.8666754
2008/9/19,261.4605501,167.4229564
2008/9/22,260.3752421,167.8995821
2008/9/23,256.0833425,167.5013058
2008/9/24,257.7113044,167.863672
2008/9/25,256.9713218,167.2662575
2008/9/26,256.2806712,166.5790676
2008/9/29,251.544782,166.446853
2008/9/30,251.7421107,166.2770958
2008/10/3,251.2981211,165.9539044
2008/10/6,246.5128997,162.7121964
2008/10/7,244.7862735,162.7758553
2008/10/8,238.323758,158.3621703
2008/10/9,239.0144085,158.1499739
2008/10/10,230.6772702,152.4565814
2008/10/13,237.4357788,155.1906503
2008/10/14,241.08636,157.6880387
2008/10/15,235.4131594,155.0470097
2008/10/16,230.1839484,150.1730217
2008/10/17,226.2373741,147.7588796
2008/10/20,228.2599934,148.4574954
2008/10/21,228.40799,149.8694176
2008/10/22,223.7707651,147.603813
2008/10/23,220.71217,145.4883782
2008/10/24,212.5230282,140.2308044
2008/10/28,210.3030802,135.8775137
2008/10/29,209.7604262,135.3829329
2008/10/30,217.8015714,139.324889
2008/10/31,220.0215195,140.9653304
2008/11/3,225.4973914,146.799099
2008/11/4,226.7306959,147.8160094
2008/11/5,229.0493083,149.3927919
2008/11/6,223.178779,146.2441238
2008/11/7,226.0893775,145.9176678
2008/11/10,228.9013118,147.5972839
2008/11/11,225.7933845,146.023766
2008/11/12,226.0893775,145.3284147
2008/11/13,223.3761077,143.7369418
2008/11/14,223.9680938,143.9099634
2008/11/17,223.2774433,144.3033429
2008/11/18,220.4655091,144.1450118
2008/11/19,218.3935576,143.2570514
2008/11/20,216.321606,141.2444502
2008/11/21,217.7522392,141.4990859
2008/11/24,217.0122566,139.6235962
2008/11/25,219.0842081,140.4054583
2008/11/26,220.4161769,139.7835597
2008/11/27,221.1068274,142.0050927
2008/11/28,221.8468101,141.3782972
2008/11/30,221.8468101,141.3782972
2008/12/1,220.71217,138.4875294
2008/12/2,219.0842081,138.0500783
2008/12/3,220.8108344,138.3406242
2008/12/4,221.0081631,138.2312614
2008/12/5,223.0801146,136.8307652
2008/12/9,227.4706786,136.3231261
2008/12/10,230.2332806,139.5044398
2008/12/11,227.7173395,140.4870723
2008/12/12,226.3360384,139.1143249
2008/12/15,226.8293602,138.1676025
2008/12/16,228.6546509,139.5272917
2008/12/17,228.9506439,140.7841473
2008/12/18,229.0493083,143.7222512
2008/12/19,227.865336,143.0530165
2008/12/22,225.7440523,142.5682293
2008/12/23,222.3401319,142.1977017
2008/12/24,223.0307824,141.9463306
2008/12/26,222.8334537,141.5758031
2008/12/30,225.3493948,143.9066989
2008/12/31,224.7080765,143.1101463
2009/1/2,229.3453014,145.9845913
2009/1/5,235.018502,150.2774876
2009/1/6,237.2877822,150.5337555
2009/1/7,233.7358653,151.4135545
2009/1/8,231.713246,148.6223557
2009/1/9,230.7759346,150.0179551
2009/1/12,229.1479726,150.7524811
2009/1/13,227.8160038,149.1414207
2009/1/14,227.322682,149.102246
2009/1/15,223.9680938,146.4889658
2009/1/16,224.56008,146.3290024
2009/1/19,224.5107478,145.318621
2009/1/20,220.8108344,143.7010316
2009/1/21,220.9094987,142.5649647
2009/1/22,221.0081631,143.4806738
2009/1/23,219.9721873,142.4474406
2009/1/28,222.3401319,143.5802429
2009/1/29,222.3401319,144.1564377
2009/1/30,221.4521527,144.3670018
2009/1/31,221.4521527,144.3670018
2009/2/3,220.0708517,143.586772
2009/2/4,221.1068274,143.1183077
2009/2/5,221.5014849,143.6324758
2009/2/6,223.5241042,146.3567511
2009/2/10,222.093471,147.4797597
2009/2/11,222.2414676,146.4269391
2009/2/12,220.3668447,146.023766
2009/2/13,222.7347893,148.5113607
2009/2/16,220.3668447,148.0788065
2009/2/17,216.5682669,146.665252
2009/2/18,216.321606,146.1265996
2009/2/19,214.8909728,146.8382737
2009/2/20,212.7696891,145.2255811
2009/2/23,213.01635,144.9187125
2009/2/24,212.4736961,145.9372552
2009/2/25,212.8190213,146.3355315
2009/2/26,211.6843812,145.831157
2009/2/27,211.2897238,145.38228
2009/2/28,211.2897238,145.38228
2009/3/2,206.3071737,143.0791329
2009/3/3,205.1725335,141.80269
2009/3/4,207.787139,141.5072473
2009/3/5,207.3431494,141.884304
2009/3/6,204.9752048,140.0855315
2009/3/10,203.8898969,139.6007443
2009/3/11,206.405838,138.8041917
2009/3/12,206.4551702,136.8487203
2009/3/13,211.3883881,137.674654
2009/3/16,211.6843812,137.255158
2009/3/17,209.6617618,137.4167537
2009/3/18,212.6710248,138.4108122
2009/3/19,213.01635,139.0996344
2009/3/20,211.9803743,139.8570123
2009/3/23,217.1602531,143.3631496
2009/3/24,218.1962289,143.301123
2009/3/25,218.8375472,143.4463959
2009/3/26,222.6854572,144.5334944
2009/3/27,221.5014849,144.5269653
2009/3/30,218.245561,141.9006268
2009/3/31,220.0215195,142.4245887
2009/4/1,219.8241908,144.3229303
2009/4/2,223.9680938,147.7327631
2009/4/3,226.3360384,148.0494254
2009/4/6,228.0626647,150.7851267
2009/4/7,227.3720142,150.1436406
2009/4/8,225.7933845,148.1898015
2009/4/9,229.1479726,149.825346
2009/4/10,230.3812771,153.6595717
2009/4/13,233.1438792,153.6644685
2009/4/14,234.6731767,155.6721729
2009/4/15,238.4224224,156.15696
2009/4/16,239.5077303,156.9078088
2009/4/17,242.2703323,157.5427657
2009/4/20,241.8756749,158.0650953
2009/4/21,241.6783462,157.7761818
2009/4/22,240.5437061,158.0993732
2009/4/23,244.7862735,159.7414469
2009/4/24,245.2302631,162.0331679
2009/4/27,241.1356922,159.9830243
2009/4/28,238.4717545,157.6292766
2009/4/29,239.6557268,157.9165578
2009/4/30,245.5755883,161.7165056
2009/5/4,253.7153979,164.7558109
2009/5/5,256.6753287,164.6758292
2009/5/6,263.1871763,167.1389397
2009/5/7,267.7257368,167.058958
2009/5/8,271.7709755,167.5992426
2009/5/11,267.8737334,167.3903108
2009/5/12,268.6137161,166.9855054
2009/5/13,270.241678,166.9561243
2009/5/14,265.012467,165.1851005
2009/5/15,264.9138026,165.5474667
2009/5/18,266.1964393,165.1883651
2009/5/19,270.8829963,167.0622225
2009/5/20,275.0268994,170.1864064
2009/5/21,272.7082869,169.0323844
2009/5/22,272.7576191,170.615696
2009/5/25,276.6548613,171.9019326
2009/5/26,277.8881658,171.6554583
2009/5/27,279.7627886,171.0107078
2009/5/28,278.9734737,169.9595195
2009/5/29,280.1081138,170.4279838
2009/5/31,280.1081138,170.4279838
2009/6/1,285.6333179,173.3154871
2009/6/2,283.9066916,173.612562
2009/6/3,283.4133698,172.2708279
2009/6/4,284.1040203,173.6696918
2009/6/5,285.2879926,175.5517106
2009/6/8,284.6960065,175.1191564
2009/6/9,286.0279753,174.9461348
2009/6/10,289.4318957,176.7710238
2009/6/11,289.9745497,177.7487595
2009/6/12,290.9118611,177.9430008
2009/6/15,285.8799788,178.1094933
2009/6/16,281.8840723,175.326456
2009/6/17,282.7227193,174.8008618
2009/6/18,278.0854945,172.1092322
2009/6/19,279.7627886,172.9400627
2009/6/22,276.2108717,170.7315879
2009/6/23,274.1389201,170.4883782
2009/6/24,279.6641242,172.6707365
2009/6/25,284.4000134,175.3248237
2009/6/26,285.5839857,175.5957822
2009/6/29,285.7319823,175.6072081
2009/6/30,283.7586951,175.5092714
2009/7/1,284.9919996,176.1882998
2009/7/2,283.6106985,176.0756725
2009/7/3,283.8080273,175.09304
2009/7/6,282.5747228,174.1004394
2009/7/7,282.3773941,174.4199085
2009/7/8,281.4400827,174.2237345
2009/7/9,285.0906639,174.3932029
2009/7/10,285.5346535,174.9046031
2009/7/13,284.9426674,174.1655812
2009/7/14,289.0372383,176.8002031
2009/7/15,294.6117745,179.6841607
2009/7/16,297.9663627,181.7053021
2009/7/17,301.1729544,183.5257769
2009/7/20,306.1555045,186.600168
2009/7/21,305.3661896,185.8169695
2009/7/22,304.0342208,187.5658134
2009/7/23,307.9602035,188.5424405
2009/7/24,308.5210582,189.1035081
2009/7/27,310.968424,189.3987675
2009/7/28,315.9651293,191.9153356
2009/7/29,313.619737,190.5748132
2009/7/30,316.525984,190.2233972
2009/7/31,319.4322309,192.3316438
2009/8/3,323.6641344,192.1422086
2009/8/4,322.0835439,193.4088537
2009/8/5,322.6953854,193.3259914
2009/8/6,325.3976852,194.4032014
2009/8/7,324.0210419,194.4206724
2009/8/10,326.5193946,194.9682624
2009/8/11,328.4568925,194.6502908
2009/8/12,324.6838702,193.56759
2009/8/13,327.9470246,194.6530362
2009/8/14,328.7628133,194.9894771
2009/8/17,320.146046,191.4603417
2009/8/18,322.8993326,190.9611712
2009/8/19,320.2990063,189.2148232
2009/8/20,323.9190683,190.574314
2009/8/21,322.4404515,190.6329666
2009/8/24,325.3976852,192.3873013
2009/8/25,325.8565663,191.7897942
2009/8/26,326.7233417,192.1501953
2009/8/27,324.7858437,192.6690831
2009/8/28,322.4404515,192.3683328
2009/8/31,320.9618346,192.3683328
2009/9/1,319.177297,191.6557669
2009/9/2,318.208548,191.1885433
2009/9/3,321.7266364,192.1599291
2009/9/4,324.2759759,192.913427
2009/9/7,326.5703813,194.7952998
2009/9/8,329.2216944,196.5441437
2009/9/9,328.3039322,195.6571177
2009/9/10,329.0177472,196.5329124
2009/9/11,330.037483,197.5342484
2009/9/14,329.3236679,196.6247597
2009/9/15,329.4256415,197.4563778
2009/9/16,331.3121527,198.4644526
2009/9/17,333.9634657,199.4592994
2009/9/18,337.3285938,200.0942443
2009/9/23,336.7167523,199.7855074
2009/9/24,334.7792543,199.4999818
2009/9/25,333.1986639,199.3147896
2009/9/28,332.7397828,197.3949798
2009/9/29,332.7907696,197.8597076
2009/9/30,332.0259677,196.9419826
2009/10/1,331.1082055,197.6026347
2009/10/2,329.6295887,197.0395704
2009/10/5,329.9864962,198.6009758
2009/10/6,330.9042584,198.0294255
2009/10/7,333.0966903,199.1538071
2009/10/8,335.5440562,200.8562281
2009/10/9,338.2973427,201.43277
2009/10/12,339.6229992,201.4527369
2009/10/13,339.3170785,201.6466646
2009/10/14,341.611484,203.9423498
2009/10/15,340.8466822,204.0619011
2009/10/16,341.1526029,205.7176497
2009/10/19,343.9058895,206.4057562
2009/10/20,344.2118102,207.1450277
2009/10/21,343.5999688,206.0807962
2009/10/22,344.7726649,206.1574189
2009/10/23,345.6904271,207.2194041
2009/10/26,343.8039159,205.8661529
2009/10/27,342.580233,206.0174015
2009/10/28,338.960171,203.7881061
2009/10/29,337.6345145,202.4957536
2009/10/30,338.4503031,202.9297824
2009/10/31,338.4503031,202.9297824
2009/11/2,339.1131314,202.5391815
2009/11/3,337.8384616,202.5481665
2009/11/4,339.5210257,204.2770436
2009/11/5,337.5835277,204.1255453
2009/11/6,338.7562238,204.912238
2009/11/9,339.7759596,206.1142406
2009/11/10,340.9486558,207.0926148
2009/11/11,341.9174047,206.4204817
2009/11/12,340.4897747,206.7334616
2009/11/13,341.3565501,206.6817975
2009/11/16,343.4979952,208.0510222
2009/11/17,342.4782594,208.1738181
2009/11/18,342.4272726,207.6451966
2009/11/19,342.580233,207.8301392
2009/11/20,343.8549027,207.4228161
2009/11/23,344.1608234,206.9590867
2009/11/24,343.7529291,207.1013503
2009/11/25,344.262797,206.8043438
2009/11/26,343.4470084,206.4933606
2009/11/30,341.1016161,204.607744
2009/12/1,342.8861537,205.5299615
2009/12/2,345.1805592,206.4993507
2009/12/3,344.8746385,206.5570049
2009/12/4,345.6394403,206.0967697
2009/12/7,345.2825328,205.4775486
2009/12/8,345.1805592,204.9249669
2009/12/9,342.8861537,204.0731324
2009/12/10,342.1213519,204.7385267
2009/12/11,343.3960216,204.8920216
2009/12/14,344.3137838,205.721643
2009/12/15,343.0901009,206.5887022
2009/12/16,341.8154312,206.1846237
2009/12/17,341.9683915,206.0388659
2009/12/21,341.4585236,204.421803
2009/12/22,341.5604972,205.1750513
2009/12/23,343.1410877,204.9980954
2009/12/24,344.1098366,205.6340386
2009/12/28,346.7101629,207.0367077
2009/12/29,347.6279251,207.6609204
2009/12/30,348.0868062,207.1565086
2009/12/31,350.1772645,207.3776412
2010/1/4,347.9848326,208.3070967
2010/1/5,356.0407452,210.5441293
2010/1/6,357.5703489,211.294133
2010/1/7,356.4486395,211.0879755
2010/1/8,357.0094942,211.2993743
2010/1/11,356.6525867,211.5726701
2010/1/12,359.5588336,211.5414719
2010/1/13,356.7545602,210.8880578
2010/1/14,359.8137676,211.996965
2010/1/15,360.1196883,212.4659357
2010/1/18,359.7627808,212.3269167
2010/1/19,360.4765958,212.6803295
2010/1/20,359.6098204,213.7088703
2010/1/21,357.9782432,213.6267567
2010/1/22,359.9157411,212.4185145
2010/1/25,358.2331771,211.8075298
2010/1/26,351.4009474,209.1871343
2010/1/27,348.9535816,206.5015969
2010/1/28,352.5736436,206.6096673
2010/1/29,350.8400927,205.8908618
2010/1/31,350.789106,205.8908618
2010/2/2,352.0637757,206.6069219
2010/2/3,357.2644281,207.2296371
2010/2/4,355.3269302,206.8909499
2010/2/5,350.8400927,203.9937643
2010/2/8,347.6789119,202.0420076
2010/2/9,348.3417401,201.6119722
2010/2/10,349.9733173,203.5949271
2010/2/11,351.502921,204.1267933
2010/2/12,351.3499606,204.9152331
2010/2/17,353.5423925,205.9589986
2010/2/18,352.216736,205.8968519
2010/2/19,348.6986476,205.3842038
2010/2/22,351.6558814,206.89694
2010/2/23,354.409168,207.093114
2010/2/24,355.2249566,207.7907048
2010/2/25,354.3071944,207.8438664
2010/2/28,354.3071944,207.8438664
2010/3/1,358.743045,209.7057724
2010/3/2,359.3548865,210.405859
2010/3/3,359.0999525,210.2820648
2010/3/4,357.4683753,210.0120135
2010/3/5,361.1904108,212.3029566
2010/3/8,364.5555389,216.1251051
2010/3/9,364.1476446,215.1404913
2010/3/10,364.9124464,216.6327615
2010/3/11,364.1476446,215.6366668
2010/3/12,363.0259352,214.0772581
2010/3/15,361.4963316,212.115518
2010/3/16,361.394358,211.9560331
2010/3/17,363.1788956,212.6923095
2010/3/18,364.9124464,212.7509621
2010/3/19,364.300605,211.7740854
2010/3/22,362.7710013,211.3148485
2010/3/23,364.8614596,213.1799991
2010/3/24,365.4733011,214.1054612
2010/3/25,369.5012574,215.0249333
2010/3/26,372.3055308,215.757466
2010/3/29,372.1525704,216.5184515
2010/3/30,373.7841476,216.8029787
2010/3/31,371.9486233,217.1067239
2010/4/1,375.2627645,218.4709569
2010/4/2,376.588421,219.623292
2010/4/5,376.843355,220.6880227
2010/4/6,377.3532229,221.2221351
2010/4/7,378.525919,221.546596
2010/4/8,375.7216456,219.3799464
2010/4/9,377.3022361,219.6911792
2010/4/12,379.9535491,220.473629
2010/4/13,379.3417076,219.6355217
2010/4/14,381.891047,219.9774535
2010/4/15,381.9930206,220.4683877
2010/4/16,378.7298661,219.138847
2010/4/19,374.3450023,217.7541481
2010/4/20,375.8236192,219.2746214
2010/4/21,377.5061832,219.3387648
2010/4/22,380.4124302,219.8873532
2010/4/23,379.6986151,219.7613127
2010/4/26,380.8713113,220.2357742
2010/4/27,378.5769058,219.8586509
2010/4/28,376.7413814,218.6733705
2010/4/29,375.0588174,219.0899283
2010/4/30,378.7808529,220.737191
2010/5/3,377.1492757,220.6975069
2010/5/4,373.9880948,219.7538251
2010/5/5,370.1130989,218.4851833
2010/5/6,367.4617859,217.4389219
2010/5/7,367.9206669,217.5013182
2010/5/10,368.634482,217.9757798
2010/5/11,368.5325084,218.8613082
2010/5/12,370.0621121,219.4590649
2010/5/13,367.7677066,220.0540762
2010/5/14,365.5752747,219.0682144
2010/5/17,360.7825165,218.0399232
2010/5/18,361.3433712,217.4461599
2010/5/19,356.7035734,213.7233462
2010/5/20,352.1657493,212.9281676
2010/5/21,349.1065419,209.8308146
2010/5/24,350.0243041,208.2005238
2010/5/25,342.9881273,204.153998
2010/5/26,344.517731,204.1689732
2010/5/27,351.9108153,207.6574262
2010/5/31,354.409168,210.3534461
2010/6/1,352.3696964,209.831813
2010/6/2,351.7578549,208.7518576
2010/6/3,355.4798905,211.7014561
2010/6/4,355.9387716,211.8494601
2010/6/7,352.1147625,210.5323988
2010/6/8,353.7463397,210.6512013
2010/6/9,354.0522604,211.2277433
2010/6/10,354.3071944,211.370506
2010/6/11,355.0719962,212.0356507
2010/6/14,357.060481,212.5497964
2010/6/15,357.5703489,212.7062863
2010/6/16,358.6920582,213.731333
2010/6/17,358.7940318,213.9175236
2010/6/18,359.45686,215.9518929
2010/6/21,360.8335033,218.8645529
2010/6/22,360.1706751,217.1042281
2010/6/23,360.680543,218.3224537
2010/6/24,357.9782432,217.8602218
2010/6/25,359.0489657,217.8320187
2010/6/28,357.7233092,217.5859276
2010/6/29,354.1032472,216.6142922
2010/6/30,353.3894322,215.7360017
2010/7/1,352.3187096,214.7656142
2010/7/2,352.3187096,214.7384095
2010/7/5,350.3812117,213.4056242
2010/7/6,351.4009474,214.5661956
2010/7/7,352.47167,215.2927383
2010/7/8,352.7266039,216.1288489
2010/7/9,356.2956791,217.4139634
2010/7/12,357.5703489,217.9183752
2010/7/13,358.2841639,218.851824
2010/7/14,360.5275826,220.2307825
2010/7/15,359.2019261,219.3634738
2010/7/16,359.6608072,219.8179685
2010/7/19,359.3038997,219.447584
2010/7/20,361.394358,220.0825289
2010/7/21,357.7189752,220.6912673
2010/7/22,357.8286881,219.9492504
2010/7/23,360.1875159,221.3851143
2010/7/26,360.8457934,222.1069149
2010/7/27,362.7657695,222.1640699
2010/7/28,366.880004,222.6774668
2010/7/29,367.9222767,223.2410303
2010/7/30,367.9222767,223.4696504
2010/7/31,367.7577074,223.4696504
2010/8/2,370.9942385,224.0172404
2010/8/3,369.4034012,224.0309676
2010/8/4,372.2010806,223.9106675
2010/8/5,372.0365112,223.8015987
2010/8/6,375.6021811,223.7616651
2010/8/9,374.5599084,223.7923641
2010/8/10,372.4205064,223.5824629
2010/8/11,370.2811045,222.3495117
2010/8/12,368.4159849,221.7065801
2010/8/13,370.3908174,223.4249746
2010/8/16,372.1462241,225.0195748
2010/8/17,372.4205064,226.1901296
2010/8/18,372.1462241,227.0749093
2010/8/19,371.5976595,228.2671781
2010/8/20,372.4753629,228.5761646
2010/8/23,370.4456739,229.6129418
2010/8/24,370.335961,229.692809
2010/8/25,369.1839753,228.0525348
2010/8/26,369.1839753,229.5904791
2010/8/27,367.8674203,229.7913952
2010/8/30,368.5805543,231.60588
2010/8/31,368.2514155,231.60588
2010/9/1,367.9771332,233.0043062
2010/9/2,368.306272,234.6136319
2010/9/3,368.306272,234.1548942
2010/9/6,369.2388318,233.8663736
2010/9/7,369.4034012,233.7370885
2010/9/8,367.9771332,233.4523117
2010/9/9,370.5005303,234.3618004
2010/9/13,372.5302194,237.7172245
2010/9/14,372.8593581,240.1591666
2010/9/15,373.5724921,239.9208127
2010/9/17,373.7919179,239.4528404
2010/9/20,373.0239275,239.7615773
2010/9/21,376.425028,240.7941115
2010/9/22,376.1507457,240.5774715
2010/9/23,375.1633294,238.0591563
2010/9/24,375.711894,237.2155582
2010/9/27,377.5770137,239.2911091
2010/9/28,377.0833055,238.3032507
2010/9/29,377.5221572,238.8525878
2010/9/30,378.454717,239.5092466
2010/10/1,378.8935687,240.06083
2010/10/4,381.2523965,239.8476842
2010/10/5,381.6912482,241.1802199
2010/10/6,382.623808,242.3330542
2010/10/7,382.1300999,242.7670829
2010/10/8,382.5140951,242.8257355
2010/10/11,383.2820855,243.8220798
2010/10/12,382.4043822,243.7689181
2010/10/13,386.9574683,245.6365646
2010/10/14,386.2991908,245.7598597
2010/10/15,386.9026119,244.9846479
2010/10/18,387.0671812,243.5665045
2010/10/19,388.4385927,244.8421347
2010/10/20,387.5608894,244.6010354
2010/10/21,388.7677315,245.4259146
2010/10/22,388.4385927,245.6572802
2010/10/25,388.6031621,246.1052857
2010/10/26,388.5483057,246.8695157
2010/10/27,387.8351717,247.173261
2010/10/28,388.9323009,247.1443091
2010/10/29,392.0042626,247.9464761
2010/10/31,391.9494062,247.9464761
2010/11/1,390.9619899,248.4037163
2010/11/2,389.8648607,247.8698534
2010/11/3,391.7848368,248.3508042
2010/11/4,393.4853871,249.2128717
2010/11/8,398.2578991,250.6337605
2010/11/9,399.9584493,251.6558121
2010/11/10,398.9161766,251.8664621
2010/11/11,401.4944302,249.786169
2010/11/12,396.0636407,247.5611165
2010/11/15,397.1607699,247.7937299
2010/11/16,394.8019421,247.7073734
2010/11/18,395.7345019,247.0741756
2010/11/19,396.8864876,248.7176945
2010/11/22,398.8064637,248.3313366
2010/11/23,393.7048129,245.5237521
2010/11/24,397.2156263,245.9807426
2010/11/25,401.0555785,247.5029631
2010/11/26,399.6293106,246.7434752
2010/11/29,398.9161766,247.0694335
2010/11/30,398.8064637,245.6715065
2010/12/1,400.7264398,245.7997933
2010/12/2,405.882947,248.7002236
2010/12/3,403.6886886,248.1945638
2010/12/6,405.5538082,248.6011382
2010/12/8,409.5583298,250.1812625
2010/12/9,413.4531385,251.918875
2010/12/10,411.2588801,249.8468182
2010/12/13,409.8326121,250.4657896
2010/12/14,411.368593,250.7865067
2010/12/15,412.8497174,250.8269395
2010/12/16,410.6006026,249.0054663
2010/12/17,415.537684,249.3663666
2010/12/20,414.6599806,248.8310062
2010/12/21,418.6645022,250.5938269
2010/12/22,419.9810572,252.0009885
2010/12/23,420.3650524,251.8110542
2010/12/24,419.5422055,251.3246125
2010/12/27,419.5422055,251.2926656
2010/12/28,419.8713443,252.2061476
2010/12/29,421.4621816,253.3874346
2010/12/30,421.0233299,252.4944186
2010/12/31,420.5844783,252.4944186
2011/1/3,427.3318228,255.2104053
2011/1/4,432.2140478,258.1517675
2011/1/5,436.6025646,260.5630106
2011/1/6,439.5099569,261.6082737
2011/1/7,440.4425168,262.3345668
2011/1/10,438.3579713,261.3507017
2011/1/11,438.68711,261.2898029
2011/1/12,440.2779474,262.3433022
2011/1/13,441.429933,263.5118604
2011/1/14,442.7464881,262.9245863
2011/1/17,442.0333541,263.5225926
2011/1/18,438.6322536,262.4608569
2011/1/19,436.7671339,261.9294899
2011/1/21,431.3363444,258.5336329
2011/1/24,428.1546697,257.5045929
2011/1/25,425.9604113,254.8342803
2011/1/26,425.686129,253.8618962
2011/1/27,431.7751961,255.4295412
2011/1/28,432.1043348,254.6500864
2011/1/31,429.85522,254.2480046
2011/2/2,434.1340239,256.458082
2011/2/7,436.4928516,257.0740584
2011/2/8,435.6700047,257.9398696
2011/2/9,434.3534497,257.4639105
2011/2/10,431.3912009,252.6628886
2011/2/11,429.4163683,250.8331791
2011/2/14,434.1340239,252.7360171
2011/2/16,432.0494784,252.7594781
2011/2/17,432.4334736,253.2344389
2011/2/18,435.5602918,255.0327006
2011/2/21,430.2392152,255.8523386
2011/2/22,423.4918706,253.1156363
2011/2/23,422.5593108,252.4759493
2011/2/24,416.7445261,248.3902387
2011/2/25,419.7067749,248.6712717
2011/2/28,418.9936409,248.6535511
2011/3/1,419.1033538,250.2314291
2011/3/2,414.111416,248.8819216
2011/3/3,417.4028036,250.1924938
2011/3/4,421.9010333,252.8638048
2011/3/5,421.9010333,252.8638048
2011/3/6,421.9010333,252.8638048
2011/3/7,419.4873491,251.6390899
2011/3/8,422.2301721,252.3636359
2011/3/9,426.399263,253.9020794
2011/3/10,426.399263,252.9731231
2011/3/11,420.8039041,249.4270158
2011/3/12,420.8039041,249.4270158
2011/3/13,420.8039041,249.4270158
2011/3/14,422.2850285,249.629679
2011/3/15,414.6599806,247.5943113
2011/3/16,417.2382342,249.0299257
2011/3/17,415.2085452,248.7414051
2011/3/18,417.8965117,250.5796005
2011/3/19,417.8965117,250.5796005
2011/3/20,417.8965117,250.5796005
2011/3/21,421.5170381,251.6340982
2011/3/22,424.2598611,251.8771942
2011/3/23,425.1375644,252.6009915
2011/3/24,426.4541195,253.0163013
2011/3/25,427.5512487,253.4745399
2011/3/26,427.5512487,253.4745399
2011/3/27,427.5512487,253.4745399
2011/3/28,429.2517989,253.1575666
2011/3/29,433.201464,254.1336945
2011/3/30,435.8345741,256.0407754
2011/3/31,439.2356746,258.1016009
2011/4/1,441.4847895,259.8419588
2011/4/2,441.4847895,259.8419588
2011/4/3,441.4847895,259.8419588
2011/4/4,444.88589,260.1606792
2011/4/5,444.5567513,259.8481985
2011/4/6,446.915579,259.9323087
2011/4/7,450.0423972,261.2166744
2011/4/8,449.1646939,260.5655065
2011/4/9,449.1646939,260.5655065
2011/4/10,449.1646939,260.5655065
2011/4/11,444.1178996,258.1692385
2011/4/12,440.6619426,255.2039161
2011/4/13,446.6961532,256.976221
2011/4/14,445.7635934,255.2947651
2011/4/15,447.0252919,254.9131493
2011/4/18,450.6458183,255.8952672
2011/4/19,450.8103877,254.965063
2011/4/20,452.7303638,256.2416916
2011/4/21,454.2114882,255.7342847
2011/4/22,454.7600528,255.1851972
2011/4/23,454.7600528,255.1851972
2011/4/24,454.7600528,255.1851972
2011/4/25,454.9794786,255.2690578
2011/4/26,454.8697657,255.6818718
2011/4/27,455.6377562,256.0325391
2011/4/28,456.3508901,256.8234748
2011/4/29,456.4057466,256.8933587
2011/4/30,456.4057466,256.8933587
2011/5/1,456.4057466,256.8933587
2011/5/2,456.4057466,256.8933587
2011/5/3,456.0766078,256.4156525
2011/5/4,452.9497896,255.9244687
2011/5/5,453.2240719,254.8225498
2011/5/6,453.5532107,254.0510818
2011/5/7,453.5532107,254.0510818
2011/5/8,453.5532107,254.0510818
2011/5/9,456.0217514,254.5936801
2011/5/10,457.7771581,255.1797063
2011/5/11,461.1234021,257.3398667
2011/5/12,462.1656749,256.8047559
2011/5/13,464.5793591,258.1170752
2011/5/14,464.5793591,258.1170752
2011/5/15,464.5793591,258.1170752
2011/5/16,464.5793591,257.3985192
2011/5/17,464.5793591,257.3985192
2011/5/18,465.2924931,258.3611695
2011/5/19,466.7736175,258.8560971
2011/5/20,465.9507706,258.5715699
2011/5/21,465.9507706,258.5715699
2011/5/22,465.9507706,258.5715699
2011/5/23,462.9336653,256.3774659
2011/5/24,465.0730673,257.0458552
2011/5/25,467.4867515,257.0775526
2011/5/26,468.2547419,258.1936978
2011/5/27,468.858163,259.1069303
2011/5/28,468.858163,259.1069303
2011/5/29,468.858163,259.1069303
2011/5/30,467.6513209,258.2633321
2011/5/31,469.5164405,260.6630943
2011/6/1,468.5290242,260.4531931
2011/6/2,468.4193113,260.5762387
2011/6/3,469.9004357,261.036973
2011/6/4,469.9004357,261.036973
2011/6/5,469.9004357,261.036973
2011/6/6,467.4867515,259.8379655
2011/6/7,469.1324453,260.2375515
2011/6/8,469.571297,260.47915
2011/6/9,469.4067276,260.4913797
2011/6/10,467.0478998,261.3482058
2011/6/11,467.0478998,261.3482058
2011/6/12,467.0478998,261.3482058
2011/6/13,466.2250529,259.9520259
2011/6/14,468.5290242,260.2969528
2011/6/15,469.2970147,261.470253
2011/6/16,465.5667754,261.0037782
2011/6/17,464.5245027,262.2329856
2011/6/18,464.5245027,262.2329856
2011/6/19,464.5245027,262.2329856
2011/6/20,462.4399572,261.4522829
2011/6/21,462.6045266,261.5518674
2011/6/22,461.946249,262.6532871
2011/6/23,459.0937131,262.00162
2011/6/24,458.9291438,262.4002077
2011/6/25,458.9291438,262.4002077
2011/6/26,458.9291438,262.4002077
2011/6/27,459.1485696,261.9112702
2011/6/28,461.5622538,263.2797461
2011/6/29,463.372517,263.9780856
2011/6/30,466.0604835,264.8858272
2011/7/1,465.8959142,265.5512215
2011/7/2,465.8959142,265.5512215
2011/7/3,465.8959142,265.5512215
2011/7/4,465.8410577,265.2636993
2011/7/5,465.6216319,265.2549638
2011/7/6,464.8536414,266.9516444
2011/7/7,466.6639046,266.8206121
2011/7/8,467.1027563,267.2603813
2011/7/9,467.1027563,267.2603813
2011/7/10,467.1027563,267.2603813
2011/7/11,464.1405074,266.3331721
2011/7/12,459.4777084,264.6285048
2011/7/13,461.2879715,265.150138
2011/7/14,460.8491199,264.851634
2011/7/15,458.3805792,264.3394851
2011/7/16,458.3805792,264.3394851
2011/7/17,458.3805792,264.3394851
2011/7/18,455.7474691,261.8730836
2011/7/19,454.8135603,260.7020296
2011/7/20,456.0393156,261.9125181
2011/7/21,463.9775399,262.7416403
2011/7/22,467.0711126,263.1407271
2011/7/23,467.0711126,263.1407271
2011/7/24,467.0711126,263.1407271
2011/7/25,464.2693864,262.039557
2011/7/26,465.6118802,262.5287441
2011/7/27,466.4290504,262.4007069
2011/7/28,467.1878512,261.3040292
2011/7/29,467.0711126,261.0504506
2011/7/30,467.0711126,261.0504506
2011/7/31,467.0127434,261.0504506
2011/8/1,469.4642538,262.5829041
2011/8/2,466.9543741,262.1022029
2011/8/3,465.6118802,260.5013631
2011/8/4,467.4213284,260.8425461
2011/8/5,455.2805147,256.267898
2011/8/6,455.2805147,256.267898
2011/8/7,455.2805147,256.267898
2011/8/8,446.1165351,250.6874213
2011/8/9,437.7113564,246.5200964
2011/8/10,434.9096301,248.113199
2011/8/11,436.252124,247.5561248
2011/8/12,439.5208046,248.6762634
2011/8/13,439.5208046,248.6762634
2011/8/14,439.5208046,248.6762634
2011/8/15,445.0658878,251.7289406
2011/8/16,445.8246886,251.8654637
2011/8/17,446.7002281,252.532106
2011/8/18,444.6573027,252.5191275
2011/8/19,438.1783108,248.9475626
2011/8/20,438.1783108,248.9475626
2011/8/21,438.1783108,248.9475626
2011/8/22,435.3182152,246.9129436
2011/8/23,436.660709,248.5060462
2011/8/24,433.0418126,246.2550368
2011/8/25,432.516489,245.4660979
2011/8/26,426.2709742,241.9179939
2011/8/27,426.2709742,241.9179939
2011/8/28,426.2709742,241.9179939
2011/8/29,430.9988873,242.724903
2011/8/30,430.9988873,242.724903
2011/8/31,435.1431073,242.724903
2011/9/1,435.1431073,242.724903
2011/9/2,437.3027713,247.0250073
2011/9/3,437.3027713,247.0250073
2011/9/4,437.3027713,247.0250073
2011/9/5,434.09246,244.9706711
2011/9/6,433.9757214,243.4996157
2011/9/7,435.1431073,245.1041992
2011/9/8,436.4272319,245.9660171
2011/9/9,433.6255056,245.9924732
2011/9/10,433.6255056,245.9924732
2011/9/11,433.6255056,245.9924732
2011/9/12,429.3645469,242.1229034
2011/9/13,428.3138996,242.1600916
2011/9/14,424.5782646,239.8322099
2011/9/15,426.62119,238.8236359
2011/9/16,426.62119,238.8236359
2011/9/17,426.62119,238.8236359
2011/9/18,426.62119,238.8236359
2011/9/19,423.9945716,235.9471659
2011/9/20,423.469248,234.9473274
2011/9/21,421.6014305,236.2434236
2011/9/22,412.4958202,230.1832441
2011/9/23,411.7370193,226.488384
2011/9/24,411.7370193,226.488384
2011/9/25,411.7370193,226.488384
2011/9/26,403.9739029,220.2632286
2011/9/27,409.9859404,226.2200798
2011/9/28,410.686372,227.7418011
2011/9/29,411.8537579,230.6472231
2011/9/30,410.7447413,230.9597038
2011/10/1,410.7447413,230.9597038
2011/10/2,410.7447413,230.9597038
2011/10/3,406.4254133,227.4647615
2011/10/4,401.7558696,226.3388824
2011/10/5,402.9232555,228.6315726
2011/10/6,407.6511685,231.9238516
2011/10/7,410.102679,232.8513104
2011/10/8,410.102679,232.8513104
2011/10/9,410.102679,232.8513104
2011/10/10,409.6940939,232.3676142
2011/10/11,415.414285,235.1000736
2011/10/12,417.3404718,237.9548297
2011/10/13,420.3756752,240.7664075
2011/10/14,419.2666586,240.447188
2011/10/15,419.2666586,240.447188
2011/10/16,419.2666586,240.447188
2011/10/17,423.2941401,244.4380562
2011/10/18,417.573949,240.0780514
2011/10/19,420.7842603,242.1041845
2011/10/20,419.3250279,240.5784699
2011/10/21,421.309584,240.3046748
2011/10/22,421.309584,240.3046748
2011/10/23,421.309584,240.3046748
2011/10/24,424.2864181,242.1049333
2011/10/25,425.9207584,243.3720776
2011/10/26,425.9207584,243.3720776
2011/10/27,431.7576881,246.1996289
2011/10/28,434.09246,247.9876577
2011/10/29,434.09246,247.9876577
2011/10/30,434.09246,247.9876577
2011/10/31,432.8667047,249.2909919
2011/11/1,428.6641154,246.4352374
2011/11/2,430.0649785,245.9967161
2011/11/3,428.3722689,244.4120993
2011/11/4,430.4151943,246.8557885
2011/11/5,430.4151943,246.8557885
2011/11/6,430.4151943,246.8557885
2011/11/7,430.4151943,246.8557885
2011/11/8,433.1585512,247.311032
2011/11/9,434.1508293,248.7823371
2011/11/10,429.5396548,246.0261672
2011/11/11,432.6332276,245.7546184
2011/11/12,432.6332276,245.7546184
2011/11/13,432.6332276,245.7546184
2011/11/14,438.3534186,247.6776728
2011/11/15,439.3456967,247.6806678
2011/11/16,439.6375432,247.6978892
2011/11/17,439.8710204,246.062357
2011/11/18,437.1276634,244.2269071
2011/11/19,437.1276634,244.2269071
2011/11/20,437.1276634,244.2269071
2011/11/21,433.3336591,240.97556
2011/11/22,434.5010451,241.4634992
2011/11/23,430.7654101,240.3091674
2011/11/24,433.2752898,242.505268
2011/11/25,432.2246425,240.0962711
2011/11/26,432.2246425,240.0962711
2011/11/27,432.2246425,240.0962711
2011/11/28,432.2246425,240.0962711
2011/11/29,436.7774476,242.2586778
2011/11/30,439.6375432,246.5108617
2011/12/1,440.8049291,248.4269277
2011/12/2,441.0967756,249.241574
2011/12/3,441.0967756,249.241574
2011/12/4,441.0967756,249.241574
2011/12/5,441.9139457,249.4944038
2011/12/6,441.56373,248.0575415
2011/12/7,444.1903483,248.4918199
2011/12/8,441.5053607,246.9688507
2011/12/9,438.4117879,244.919007
2011/12/10,438.4117879,244.919007
2011/12/11,438.4117879,244.919007
2011/12/12,440.0461282,246.1522077
2011/12/13,439.3456967,246.0339043
2011/12/14,438.9371116,245.7022055
2011/12/15,436.4272319,246.0012086
2011/12/16,438.820373,246.4205119
2011/12/17,438.820373,246.4205119
2011/12/18,438.820373,246.4205119
2011/12/19,440.0461282,248.0610357
2011/12/20,441.2718835,246.3556197
2011/12/21,441.8555764,249.4033052
2011/12/22,443.3731782,250.5968219
2011/12/23,444.4821948,251.5137981
2011/12/24,444.4821948,251.5137981
2011/12/25,444.4821948,251.5137981
2011/12/26,444.4821948,251.5137981
2011/12/27,445.1826264,252.4567312
2011/12/28,445.5912114,253.1930077
2011/12/29,446.6418588,253.7668042
2011/12/30,448.2178298,257.3907821
2011/12/31,448.2178298,257.3907821
2012/1/1,448.2178298,257.3907821
2012/1/2,448.2178298,257.3907821
2012/1/3,450.0856473,255.4297907
2012/1/4,450.0856473,253.9003323
2012/1/5,451.8367262,255.3673944
2012/1/6,451.4865104,255.1969277
2012/1/7,451.4865104,255.1969277
2012/1/8,451.4865104,255.1969277
2012/1/9,453.2375893,256.5556698
2012/1/10,453.0624814,256.6971847
2012/1/11,454.4049753,257.0995161
2012/1/12,455.5723612,257.6710663
2012/1/13,456.6813778,257.5477712
2012/1/14,456.6813778,257.5477712
2012/1/15,456.6813778,257.5477712
2012/1/16,454.6968217,255.0973432
2012/1/17,457.6152866,256.7458538
2012/1/18,458.3740874,256.6083323
2012/1/19,459.5414734,256.6565023
2012/1/20,461.8762452,257.7397023
2012/1/21,461.8762452,257.7397023
2012/1/22,461.8762452,257.7397023
2012/1/23,461.8762452,257.7397023
2012/1/24,461.8762452,257.7397023
2012/1/25,461.642768,257.636374
2012/1/26,463.802432,258.6616702
2012/1/27,464.0942785,258.658176
2012/1/28,464.0942785,258.658176
2012/1/29,464.0942785,258.658176
2012/1/30,461.5260295,257.6071725
2012/1/31,461.1758137,258.7580101
2012/2/1,461.1758137,258.7580101
2012/2/2,465.9037267,261.8002047
2012/2/3,466.8960048,262.2135179
2012/2/4,466.8960048,262.2135179
2012/2/5,466.8960048,262.2135179
2012/2/6,466.8960048,262.2135179
2012/2/7,466.8960048,262.2135179
2012/2/8,470.281424,264.37867
2012/2/9,472.7913037,266.0356665
2012/2/10,471.6239178,265.6665299
2012/2/11,471.6239178,265.6665299
2012/2/12,471.6239178,265.6665299
2012/2/13,473.0247809,265.5202729
2012/2/14,472.7329344,265.7211891
2012/2/15,474.3672747,265.1044639
2012/2/16,472.9664116,263.2330737
2012/2/17,474.2505361,264.3392355
2012/2/18,474.2505361,264.3392355
2012/2/19,474.2505361,264.3392355
2012/2/20,475.4762914,264.8259268
2012/2/21,475.2428142,265.2003046
2012/2/22,472.849673,264.4892362
2012/2/23,470.5732705,263.6608628
2012/2/24,470.281424,263.9493833
2012/2/25,470.281424,263.9493833
2012/2/26,470.281424,263.9493833
2012/2/27,470.4565319,263.9641089
2012/2/28,471.2153327,263.7457218
2012/2/29,474.6591212,265.7424038
2012/3/1,475.8265072,266.2246025
2012/3/2,477.2857396,267.8399183
2012/3/3,477.2857396,267.8399183
2012/3/4,477.2857396,267.8399183
2012/3/5,476.8187852,268.5108034
2012/3/6,474.3089054,268.3989892
2012/3/7,473.4917353,266.0471474
2012/3/8,475.7681379,266.6139555
2012/3/9,477.0522624,266.6683651
2012/3/10,477.0522624,266.6683651
2012/3/11,477.0522624,266.6683651
2012/3/12,475.59303,264.5311666
2012/3/13,477.1106317,264.3265067
2012/3/14,480.3793123,266.0790943
2012/3/15,480.1458351,266.4859183
2012/3/16,479.9123579,265.4114538
2012/3/17,479.9123579,265.4114538
2012/3/18,479.9123579,265.4114538
2012/3/19,479.0368185,265.5971452
2012/3/20,479.7956193,266.3436547
2012/3/21,479.5621422,267.0043068
2012/3/22,480.0290965,266.9553881
2012/3/23,479.6788807,267.0065531
2012/3/24,479.6788807,267.0065531
2012/3/25,479.6788807,267.0065531
2012/3/26,478.3363869,266.4072989
2012/3/27,480.5544202,267.2748573
2012/3/28,479.9707272,266.4876654
2012/3/29,479.2119264,266.4831728
2012/3/30,481.3132211,268.2152945
2012/3/31,481.2548518,268.2152945
2012/4/1,481.2548518,268.2152945
2012/4/2,482.0720219,269.4744521
2012/4/3,482.8308228,269.9042379
2012/4/4,481.4883289,268.7167113
2012/4/5,482.7140842,267.7857583
2012/4/6,484.2900552,268.6775264
2012/4/7,484.2900552,268.6775264
2012/4/8,484.2900552,268.6775264
2012/4/9,483.9398394,267.455557
2012/4/10,483.7063622,268.3313516
2012/4/11,483.7063622,268.3313516
2012/4/12,488.9012296,268.9952484
2012/4/13,489.4849226,269.395084
2012/4/14,489.4849226,269.395084
2012/4/15,489.4849226,269.395084
2012/4/16,488.5510139,268.5172926
2012/4/17,486.9750428,268.2684561
2012/4/18,488.2007981,268.6083913
2012/4/19,487.4419972,268.2325159
2012/4/20,488.1424288,267.4762726
2012/4/21,488.1424288,267.4762726
2012/4/22,488.1424288,267.4762726
2012/4/23,487.9089516,266.2445693
2012/4/24,487.7338437,266.0463986
2012/4/25,488.0256902,265.4498899
2012/4/26,488.9595989,265.3340823
2012/4/27,488.6677524,263.6997981
2012/4/28,488.6677524,263.6997981
2012/4/29,488.6677524,263.6997981
2012/4/30,487.9673209,264.2596178
2012/5/1,487.9673209,264.2596178
2012/5/2,492.8703418,266.0648679
2012/5/3,494.6214207,266.2687791
2012/5/4,493.8626199,267.5908322
2012/5/5,493.8626199,267.5908322
2012/5/6,493.8626199,267.5908322
2012/5/7,490.6523085,266.3009756
2012/5/8,491.7613252,267.2681185
2012/5/9,489.5432919,266.1654508
2012/5/10,487.6171051,266.594987
2012/5/11,486.6248271,265.9525546
2012/5/12,486.6248271,265.9525546
2012/5/13,486.6248271,265.9525546
2012/5/14,482.0720219,264.2022132
2012/5/15,478.4531255,261.8031998
2012/5/16,471.6822871,257.4816311
2012/5/17,470.8651169,258.7757306
2012/5/18,465.962096,256.420145
2012/5/19,465.962096,256.420145
2012/5/20,465.962096,256.420145
2012/5/21,467.9466521,257.3857904
2012/5/22,469.0556687,259.0729867
2012/5/23,466.7792662,257.8737295
2012/5/24,467.4796977,259.2878796
2012/5/25,468.12176,259.7937889
2012/5/26,468.12176,259.7937889
2012/5/27,468.12176,259.7937889
2012/5/28,470.1646854,260.5358058
2012/5/29,473.0247809,262.083484
2012/5/30,474.4840133,263.3276665
2012/5/31,474.8925984,264.361199
2012/6/1,475.1844449,263.4943894
2012/6/2,475.1844449,263.4943894
2012/6/3,475.1844449,263.4943894
2012/6/4,468.9389301,260.1861369
2012/6/5,472.4994572,261.1125974
2012/6/6,474.3672747,262.6700093
2012/6/7,474.5423826,263.7734257
2012/6/8,473.8419511,263.0523739
2012/6/9,473.8419511,263.0523739
2012/6/10,473.8419511,263.0523739
2012/6/11,476.4102001,264.4575389
2012/6/12,476.4102001,264.060948
2012/6/13,476.585308,264.1949752
2012/6/14,474.1337976,263.3361524
2012/6/15,474.1337976,264.851634
2012/6/16,474.1337976,264.851634
2012/6/17,474.1337976,264.851634
2012/6/18,476.7604159,265.7054652
2012/6/19,479.6205115,267.6814316
2012/6/20,483.4145157,269.3289439
2012/6/21,481.6050675,268.9855146
2012/6/22,480.320943,269.0281937
2012/6/23,480.320943,269.0281937
2012/6/24,480.320943,269.0281937
2012/6/25,480.1458351,268.9141332
2012/6/26,478.6866027,267.4338431
2012/6/27,482.480607,268.3700373
2012/6/28,484.7570096,267.2147072
2012/6/29,487.792213,268.1286884
2012/6/30,487.792213,268.1286884
2012/7/1,487.792213,268.1286884
2012/7/2,489.6016612,268.6700388
2012/7/3,492.9870804,269.7460008
2012/7/4,494.2712049,270.7525782
2012/7/5,494.9716365,271.0485863
2012/7/6,496.8978233,272.1599894
2012/7/7,496.8978233,272.1599894
2012/7/8,496.8978233,272.1599894
2012/7/9,495.3802216,272.2942663
2012/7/10,499.4660723,273.1465999
2012/7/11,500.4583504,273.9090829
2012/7/12,495.9639145,273.1241372
2012/7/13,498.2986864,273.1847865
2012/7/14,498.2986864,273.1847865
2012/7/15,498.2986864,273.1847865
2012/7/16,500.0497653,274.7686545
2012/7/17,500.3999811,275.4050969
2012/7/18,499.4077031,276.2299761
2012/7/19,501.7424749,276.3118401
2012/7/20,501.9759521,276.3819735
2012/7/21,501.9759521,276.3819735
2012/7/22,501.9759521,276.3819735
2012/7/23,500.1081346,274.8829645
2012/7/24,501.5355964,274.4224797
2012/7/25,501.9079777,274.5392856
2012/7/26,501.4114693,272.6683946
2012/7/27,502.8389311,273.0020901
2012/7/28,502.8389311,273.0020901
2012/7/29,502.8389311,273.0020901
2012/7/30,503.4595666,274.238785
2012/7/31,505.4456004,274.3458571
2012/8/1,505.1352827,274.5405335
2012/8/2,504.5767106,274.739453
2012/8/3,506.066236,274.9184056
2012/8/4,506.066236,274.9184056
2012/8/5,506.066236,274.9184056
2012/8/6,507.4316342,275.6983595
2012/8/7,507.0592529,274.2552576
2012/8/8,505.9421089,274.8961925
2012/8/9,507.18338,275.9162475
2012/8/10,507.741952,276.6353026
2012/8/11,507.741952,276.6353026
2012/8/12,507.741952,276.6353026
2012/8/13,505.6317911,276.6300613
2012/8/14,507.5557613,277.6488683
2012/8/15,507.2454436,277.6680864
2012/8/16,508.2384605,277.2714954
2012/8/17,511.4037018,277.0675842
2012/8/18,511.4037018,277.0675842
2012/8/19,511.4037018,277.0675842
2012/8/20,511.4037018,277.0675842
2012/8/21,511.4037018,277.0675842
2012/8/22,512.0243374,277.6111809
2012/8/23,512.3967187,277.3718287
2012/8/24,511.4657654,276.7351367
2012/8/25,511.4657654,276.7351367
2012/8/26,511.4657654,276.7351367
2012/8/27,512.1484645,276.7980322
2012/8/28,511.093384,276.3757339
2012/8/29,510.6589391,276.0437855
2012/8/30,507.1213164,275.9214888
2012/8/31,507.8040156,275.9214888
2012/9/1,225.675025,132.7843432
